Rank,Score,Tier,Call,Status,Programme,Cash,Cash band,Cash USD (raw),Deadline,Days left,Deadline window,Page state,Region,Category,Terms,Solo stance,Entity to apply,Effort,Location need,Hard blocker,Why this call,Apply URL
1,7.78,Tier 1,apply-now,Not started,Antler US Residency,$1M,1  $1M+,1000000,,,rolling,OPEN,"San Francisco, New York City and Austin, USA",residency,Not stated on the US page,"EXPLICITLY SOLO-FRIENDLY: ""Co-founders are welcome, but at least one founder needs to be full-time in residency. Solo founders are also welcome.""",no,Not enumerated. Budget 1-3 hours.,"In-person at Antler's NYC, SF or Austin offices for up to 3 months","US WORK AUTHORIZATION REQUIRED, AND ANTLER DOES NOT SPONSOR. Verbatim from antler.co/location/us: ""At least one co-founder will need to alre",High expected value and the odds are real.,https://www.antler.co/apply
2,7.77,Tier 1,apply-now,Not started,Afore Founders in Residence (FIR),$750K,2  $250K-1M,750000,,,rolling,OPEN,"San Francisco, USA",residency,"""We customize investment terms for each team, and we invest money for equity"" - no fixed percentage published","EXPLICITLY WELCOMES SOLO. The form asks ""Are you working with a co-founder / teammate?"" with ""Working solo"" as a first-class selectable option (alongside ""Worki",no,"Under 1 hour - the form says ""This should take no longer than 10 minutes."" Fields: name, email, LinkedIn, cohort, company name (optional), p","Eight weeks in Afore's office in South Park, San Francisco, working alongside the Afore team and other FIRs. 24/7 office space available for the duration and be",,High expected value and the odds are real.,https://airtable.com/apprAAsE4JhFBd8nL/pagGsh6fhh1fzZv6t/form
3,7.75,Tier 1,apply-now,Not started,The Bridge Residency - Fall 26,$3M,1  $1M+,3000000,2026-08-30,16,B  2-3 weeks,OPEN,"San Francisco Bay Area, USA",residency,Not stated on the application form,"EXPLICITLY SOLO-FRIENDLY. The application form states verbatim: ""You don't need to have a cofounder or an idea to apply"". EF's model is talent-first: participan",no,"STAGE ONE IS UNDER 30 MINUTES - the visible form is only name, email, phone and LinkedIn. EF's later stages are typically long-form with an ","Live and build in a dedicated Bay Area hacker house for 8 weeks. ""San Francisco - The Bay Area"". Visa support offered per EF's programme materials.",,Closes in 16 days on an open form. Forms are editable; file and refine.,https://apply.joinef.com/app/san-francisco-thebridge-fall/
4,7.7,Tier 1,apply-now,Not started,Entrepreneur First - Bangalore Program,$250K,2  $250K-1M,250000,,,rolling,OPEN,"India (Bengaluru), then San Francisco",accelerator,Equity taken. US terms published as ~8% for the first tranche. Bangalore terms follow analogous structures with location-specific entities and are NOT published - must confirm.,"Explicitly solo-first. ""No you do not need a cofounder to apply. Our program brings together exceptional individuals to find a cofounder and build a startup fro",no,~3-5 hours plus three interview rounds. Apply to only ONE programme in ONE hub city at a time - this is an explicit EF rule.,"Full-time, in-person in Bangalore for FORM, then SF for LAUNCH. Founder is already in Bangalore - no relocation needed for phase one.",,High expected value and the odds are real.,https://apply.joinef.com/
5,7.69,Tier 1,apply-now,Not started,Supernova 0X Pitch Competition at Expand North Star,$200K,3  $100-250K,200000,2026-11-02,80,D  1-3 months,OPEN,"United Arab Emirates (Dubai), open globally",grant,Equity-free cash prize pool,No team-size rule stated,no,"2-4 hours estimated, plus supporting documentation of funding stage","Semi-finals and award ceremony in Dubai, 8-10 December 2026",,High expected value and the odds are real.,https://expandnorthstar.com/supernova-0X
6,7.67,Tier 1,apply-now,Not started,Workers Launchpad,$2M,1  $1M+,2000000,,,rolling,OPEN,"Global / remote (Cloudflare-run, US HQ)",accelerator,Non-dilutive - Cloudflare takes no equity,,no,Low - a single form,Virtual; virtual demo day,,High expected value and the odds are real.,https://www.cloudflare.com/startups/workers-launchpad/
7,7.57,Tier 1,apply-now,Not started,AIR (AI Residency),$500K,2  $250K-1M,500000,,,rolling,OPEN,"Global - location agnostic; annual summit in New York City, ",residency,"""$50-500K investment, uncapped, no-discount MFN SAFE, or at the same price as a round within the last 60 days."" Uncapped MFN means no valuation is set at entry.","Explicitly welcomes solo. ""We welcome solo founders with strong product instincts and a clear point of view. You can apply solo or with your co-founders.""",no,~1-2 hours via Google Form. Warm intros encouraged but not required.,"None. ""You can be based anywhere. AIR is a global residency with an annual AI & Culture summit in NYC.""",,High expected value and the odds are real.,https://docs.google.com/forms/d/e/1FAIpQLSc9037xpuD4bJ4NNbEtjaC-bJMkW24tb-d7ii4j9et0gQ2-2Q/viewform
8,7.51,Tier 1,apply-now,Not started,Start it @KBC — Fall 2026,$327K,2  $250K-1M,327000,2026-09-14,31,C  1-6 weeks,OPEN,"Belgium (Antwerp, Brussels, Ghent, Hasselt, Leuven, Kortrijk",accelerator,"'FREE' and '100% no strings attached' — 'we don't ask for shares, money or special privileges.' Equity only if the separate Start it Fund invests.","No team-size requirement published. The page states they seek 'enthusiastic & open-minded founders of all backgrounds, genders, ages and nationalities.'",no,"AcceleratorApp form, est. 3-5 hours.",Belgium hubs plus Budapest and a New York presence. 24h/month commitment implies regular presence; whether that can be remote is unverified.,,High expected value and the odds are real.,https://startit.acceleratorapp.co/apply/program/1-year-program-start-it-fall-2026
9,7.51,Tier 1,apply-now,Not started,Techstars Accelerators (general application),$220K,3  $100-250K,220000,,,rolling,OPEN,Multiple US cities plus Techstars Anywhere (remote-first),accelerator,Techstars' standard is 6% common plus a note; not restated in the portal,"No published 2+ rule on the main accelerators. Techstars Founder Catalyst is explicitly ""open to both solo founders and founding teams"", indicating the organisa",no,"1 hour, confirmed by the portal itself: ""Completing this application should take you 30-60 minutes. We encourage you to complete this with a","Varies by programme; Techstars Anywhere is remote-first and NYC is hybrid with in-person sessions at start, midpoint and demo day",,High expected value and the odds are real.,https://apply.techstars.com/
10,7.43,Tier 1,apply-now,Not started,PearX W27,$2M,1  $1M+,2000000,2026-10-04,51,D  1-3 months,OPEN,"San Francisco Bay Area, USA",accelerator,Not stated on the application page or the form. Equity percentage is not published.,"No bar. The form asks ""How many founders do you have?"" with 1 as a selectable option, and asks for the equity split among founders. Solo is an accepted answer, ",no,"3-5 hours. A 1-MINUTE FOUNDER VIDEO IS REQUIRED (""Please record a 1-min video introducing yourselves and the company"" - unlisted YouTube lin",All PearX teams are required to relocate to the SF Bay Area for the duration (per pear.vc/pearx). R2 interviews are in person at Pear Studio SF.,,High expected value and the odds are real.,https://pear.vc/pearx-application/
11,7.43,Tier 1,apply-now,Not started,HF0 Residency,$1M,1  $1M+,1000000,,,rolling,OPEN,"San Francisco, USA",residency,NOT STATED ON ANY HF0 PAGE. The 5% figure is third-party only and unverified.,"Not stated. HF0's own positioning line is ""The residency for repeat founders."" - a track-record signal, not a team-size rule. Third parties say repeat technical",no,"Unknown beyond step one. The first step is trivial (name, email, phone). Budget 2-4 hours for the full multi-step form and check for a video","In-person live-in residency, San Francisco. On-site housing and meals per third-party listings, not stated on the HF0 pages.",,High expected value and the odds are real.,https://www.hf0.com/apply
12,7.41,Tier 1,apply-now,Not started,Flagship Accelerator,$272.5K,2  $250K-1M,272500,,,rolling,OPEN,Estonia (Tallinn) + a second European hub; 80% online,accelerator,"Convertible note; programme cost of €35,000 is netted against the €100,000 investment. Historically ~8% for €50K.","Published requirement of 'at least 2 co-founders/team members'. This is a stated criterion, not a submission gate — the Dealum form will accept a solo submissio",no,"Dealum form, ~2-3 hours. No video confirmed on the form page.","Hybrid: 80% online, 20% in person in Tallinn and one other European hub. No geographic restriction on applicants; timezone accommodation required.",,High expected value and the odds are real.,https://app.dealum.com/#/company/application/new/65419/332vcs6q9qdc90pb7orc07m0qxnyuk7m
13,7.38,Tier 1,apply-now,Not started,Entrepreneurs Roundtable Accelerator (ERA) Winter 2027,$150K,3  $100-250K,150000,2026-11-02,80,D  1-3 months,OPEN,"New York City, USA",accelerator,"6% post-money SAFE for $150,000",Not stated on the apply page - no published team-size rule found,no,2-3 hours estimated. Applications route through a Google Form linked from the apply page. Contents not enumerable without opening the form; ,New York City. Not restated as a hard relocation clause on the apply page.,,High expected value and the odds are real.,https://www.eranyc.com/apply/
14,7.38,Tier 1,apply-now,Not started,EWOR Fellowship,$545K,2  $250K-1M,545000,,,rolling,OPEN,"Europe (virtual-first, remote across Europe)",fellowship,"~7% per aggregator listing; page itself references separate 'Ideation Agreement' and 'Traction Agreement' templates without stating percentages. Capital comes from 'Roundtable – EWOR Friends & Family Fund I', not EWOR Gm","Invests in individuals, not teams. Page states: 'We invest in people, not companies. Whether you make €500K ARR or don't yet have an idea, it doesn't matter to ",no,Unverified - EWOR historically uses a long multi-stage form plus video interviews. Budget 4-6h.,Virtual-first; no stated relocation requirement,none identified,High expected value and the odds are real.,https://www.ewor.com/apply/
15,7.38,Tier 1,apply-now,Not started,Forum Ventures Accelerator,$100K,3  $100-250K,100000,,,rolling,OPEN,Toronto / New York City / San Francisco - remote participati,accelerator,$100k USD for 7.5% equity on a standard post-money SAFE,Not stated on the page,no,Short pitch form followed by a call. Budget 1-2h.,"None. Page states: 'While we have office space available in our three locations – Toronto, New York City, and San Francisco – we are happy to work with founders",none identified,High expected value and the odds are real.,https://www.forumvc.com/pitch-us
16,7.35,Tier 1,apply-now,Not started,Solo Founders Program (SFP) - Fall 2026,$100K,3  $100-250K,100000,2026-09-01,18,B  2-3 weeks,OPEN,US (San Francisco),accelerator,$100K for 2.5% equity (uncapped MFN SAFE structure). Verified on the programme page 2026-08-14.,"Purpose-built for solo founders - this is the entire thesis. ""If you're already solo, you're early.""",no,~2-3 hours plus interview. Rolling review.,"Fully in-person in SF for the full three months. ""No remote option."" Optional housing upstairs. Cannot sponsor visas but explicitly works with founders on visa ",,Closes in 18 days on an open form. Forms are editable; file and refine.,https://solofounders.com/program
17,7.32,Tier 1,apply-now,Not started,FIRSTPICK Accelerator,$1.09M,1  $1M+,1090000,,,rolling,OPEN,"Baltics (Vilnius, Lithuania)",accelerator,Not published on the apply page.,"Not stated. The fund's public thesis is backing 'founders who may be overlooked by traditional VC criteria' — which reads favourably for a solo, non-EU applican",no,~1-2 hours. 'they reply to every founder within 48 hours' — fastest feedback loop in this lane.,"Baltic focus in the branding, but the form explicitly accepts applicants based outside Europe.",,High expected value and the odds are real.,https://firstpick.vc/apply
18,7.32,Tier 1,apply-now,Not started,Entrepreneur First — London Program (Spring 2027),$250K,2  $250K-1M,250000,,,rolling,OPEN,"UK — London, then San Francisco",accelerator,Not stated on EF pages read. Historically ~10% for the pre-seed cheque. UNVERIFIED.,"Explicitly welcomes solo. EF FAQ: ""No you do not need a cofounder to apply. Our program brings together exceptional individuals to find a cofounder and build a ",no,"~2–4h. Individual application (CV/LinkedIn, motivation, areas of interest). No video or references at the registration-of-interest stage.","12 weeks in London, then relocation to San Francisco for the final phase (aggregator; not confirmed on EF's own page). EF FAQ mentions ""visa assistance and relo",,High expected value and the odds are real.,https://apply.joinef.com/app/london-spring/
19,7.32,Tier 1,apply-now,Not started,Drive Capital Seed Program,$500K,2  $250K-1M,500000,,,rolling,OPEN,"Austin, Atlanta, Boulder, Chicago, Columbus (USA) and Toront",accelerator,SAFE; no percentage published,,no,1-2 hours estimated. A Fillout form. Contents not enumerated; no video or references advertised.,"Organised around six named cities with a General Manager each - Austin, Atlanta, Boulder, Chicago, Columbus and Toronto. NOT EXCLUSIVE, verbatim: ""Working on an",,High expected value and the odds are real.,https://form.fillout.com/t/aT3BECVJE9us
20,7.31,Tier 1,apply-now,Not started,Slush 100 Startup Competition,$545K,2  $250K-1M,545000,2026-09-07,24,C  1-6 weeks,OPEN,"Finland (Helsinki), global entry",grant,Equity-free.,No team-size requirement published.,YES,~3-5 hours via the Slush platform. Verify whether a video is required in phase 2.,'The competition does not have a geographical exclusion.' Attendance in Helsinki required for the competition itself.,,High expected value and the odds are real.,https://platform.slush.org/public/slush26/activities/launch?side_event_id=9e8289e3-c313-444e-8eea-cf9061d0c28d
21,7.3,Tier 1,apply-now,Not started,Flagship Accelerator — Batch 36,$150K,3  $100-250K,150000,2026-10-11,58,D  1-3 months,OPEN,US — Silicon Valley,accelerator,"$150,000 for a 6% stake, subject to terms and diligence",Not published on this page,no,~3-4 hours,Four-month in-person programme hosted in Silicon Valley,,High expected value and the odds are real.,https://500.co/founders/flagship
22,7.29,Tier 1,apply-now,Not started,AltaLab - Fall 2026,$500K,2  $250K-1M,500000,2026-09-04,21,B  2-3 weeks,OPEN,Global - online sprint then residency,accelerator,"""Participation at every stage starting from Founder Residency involves advisory options"" - i.e. equity-linked advisory terms. Details are in their FAQ and must be read before filing.","The FAQ carries a ""Do I need a co-founder?"" entry but the answer was not captured. Must be confirmed.",no,~2 hours via Tally form.,Stage 1 is online. Residency stage location is not published in the retrieved extract and must be confirmed.,,Closes in 21 days on an open form. Forms are editable; file and refine.,https://tally.so/r/xXBpq9
23,7.26,Tier 1,apply-now,Not started,"Antler Residency — Nordics (Stockholm, Oslo, Copenhagen, Helsinki)",$545K,2  $250K-1M,545000,,,rolling,OPEN,"Nordics (Sweden, Norway, Denmark, Finland)",residency,Equity investment; exact terms not published on the apply page.,Antler's core model is built around individual founders who form teams inside the residency; the apply form accepts a single applicant. Explicitly founder-first,no,~1-2 hours for the basic form; the pitch form additionally takes a deck upload (10MB max). No video required.,Must be able to work from the chosen city. Apply page notes eligibility for multiple locations 'depending on your visa status' — a residence/work permit for the,,High expected value and the odds are real.,https://www.antler.co/apply
24,7.24,Tier 1,apply-now,Not started,Founders in Residence (FIR),$750K,2  $250K-1M,750000,,,rolling,OPEN,US — San Francisco (South Park),residency,Customised; equity percentage not published,Explicitly supported. On solo vs team: 'Both! We'll also help you find a co-founder — just let us know in the application above.',no,"~1-2 hours, Airtable form","In-person in South Park, San Francisco; remote applicants still encouraged to apply",,High expected value and the odds are real.,https://airtable.com/apprAAsE4JhFBd8nL/pagGsh6fhh1fzZv6t/form
25,7.22,Tier 1,apply-now,Not started,Boost VC,$500K,2  $250K-1M,500000,,,rolling,OPEN,"San Mateo, California, USA",accelerator,,,no,Under 1 hour - a pitch submission.,Not stated on the current page. Historically an in-person San Mateo tribe.,,High expected value and the odds are real.,https://www.boost.vc/apply
26,7.19,Tier 1,apply-now,Not started,AI House (formerly AI2 Incubator),$600K,2  $250K-1M,600000,,,rolling,OPEN,"Seattle, USA",incubator,Not stated on the page; aggregators cite roughly 5-15%,OPC directory records 'Solo ✓'; not stated on the page,no,Unverified,Seattle-based,none identified,High expected value and the odds are real.,https://apply.ai2incubator.com/
27,7.19,Tier 1,apply-now,Not started,Speedrun SR008,$1M,1  $1M+,1000000,,,rolling,OPEN,GLOBAL applicants — programme in San Francisco,accelerator,Not published on the apply page,No published restriction found,no,~3-5 hours; Speedrun historically asks for a demo video,12 weeks IRL in San Francisco; 'Open to Founders Around The World' for applying,,High expected value and the odds are real.,https://speedrun.a16z.com/apply
28,7.18,Tier 1,apply-now,Not started,Antler,$250K,2  $250K-1M,250000,,,rolling,OPEN,Global - 20 to 30 city locations including Bangalore,accelerator,"~8.5-12% depending on location, per aggregators; not stated on the apply form",Antler's model explicitly accepts individuals who 'join solo' and matches co-founders during the residency,no,Unverified,Varies by city; Antler runs a Bangalore location among 20+ others,none identified,High expected value and the odds are real.,https://www.antler.co/apply
29,7.15,Tier 1,apply-now,Not started,SparkLabs Taiwan Accelerator (Batch 11),$100K,3  $100-250K,100000,,,rolling,OPEN,Taiwan / Taipei,accelerator,$100K+ for up to 7%. Slightly better than ikigai's $100k for 8% in the same city.,Not stated on the page. No team-size condition appears in the published criteria.,no,Online application then three rounds of interviews. Effort not published. No video or references stated.,"Taiwan-anchored 3-month programme. The thesis is ""global from day one"" - they explicitly seek startups ""ready for global expansion"" rather than Taiwan-domestic ",,High expected value and the odds are real.,https://www.sparklabstaiwan.com/accelerator/program
30,7.15,Tier 1,apply-now,Not started,500 Global Flagship Accelerator (Batch 37),$150K,3  $100-250K,150000,,,rolling,OPEN,"Palo Alto / Silicon Valley, USA",accelerator,"$150,000 for 6%, subject to terms and diligence, with a program fee of $37,500 which can be subtracted from the investment - net capital to the company is therefore approximately $112,500",No published 2+ founder rule found. At least one full-time founder is generally expected.,no,Unverified - the form is behind a free account signup. Budget 2-4 hours.,"""four-month in-person program is hosted in Silicon Valley"" - relocation to Palo Alto for the duration",,High expected value and the odds are real.,https://flagship.aplica.500.co/en/sites/flagship
31,7.15,Tier 1,apply-now,Not started,LAUNCH Accelerator Cohort 37,$125K,3  $100-250K,125000,,,rolling,OPEN,"USA (remote-friendly, Silicon Valley network)",accelerator,"NOT STATED. The FAQ lists ""What are the deal terms?"" as a question but the answer is not rendered on the page - this must be established before filing.",,no,1-2 hours estimated. Form at forms.launch.co; contents not enumerated.,"Mixed and not fully resolved on the page. It advertises ""Plug into a pre-existing Silicon Valley network from anywhere in the world"" and 25 in-person sessions; ",,High expected value and the odds are real.,https://forms.launch.co/apply?prog=la&Src=la-home&mkt=organic
32,7.13,Tier 1,verify-first,Not started,Coefficient Giving (formerly Open Philanthropy) - open RFP portfolio,$1M,1  $1M+,1000000,2026-08-21,7,A  this week,UNKNOWN,Global,grant,Non-dilutive grant,"Technical AI Safety RFP eligibility reported as including ""independent researchers"" - individuals fundable",no,The Technical AI Safety RFP begins with a 300-word expression of interest - very low cost to enter,Worldwide,,Page state could not be read. Open it before spending drafting hours.,https://coefficientgiving.org/apply-for-funding/
33,7.12,Tier 1,apply-now,Not started,Antler Residency — Continental Europe (Amsterdam/Berlin),$500K,2  $250K-1M,500000,,,rolling,OPEN,Netherlands / Germany (single combined cohort),residency,Not published on the apply page or the cohort page.,Founder-first; individual applicants are the intended intake.,no,"~1 hour short form; 1-2 hours with the optional deck. No video, no references.",In person in Amsterdam or Berlin. No visa or residency wording appears on the apply page.,,High expected value and the odds are real.,https://www.antler.co/apply
34,7.11,Tier 1,apply-now,Not started,Hub71 Cohort 20,$135K,3  $100-250K,135000,2026-08-21,7,A  this week,OPEN,United Arab Emirates (Abu Dhabi),incubator,NOT fully non-dilutive - the cash leg converts via a SAFE at the next priced round. The in-kind half is non-dilutive.,Not stated on the page,no,Moderate - programme-specific application forms; Hub71+ AI is the relevant track,"At least one founder must relocate to Abu Dhabi long-term - a real, ongoing condition, not a visit",,Closes in 7 days on an open form. Forms are editable; file and refine.,https://www.hub71.com/i-am-a-startup#programsSection
35,7.06,Tier 1,apply-now,Not started,Y Combinator — Winter 2027 batch / Early Decision,$500K,2  $250K-1M,500000,,,rolling,OPEN,US — San Francisco,accelerator,Standard YC deal; YC incorporates accepted companies into a Delaware C-corp as part of the deal,YC funds solo founders but has publicly stated a preference for teams,no,~4-6 hours including a founder video,In-person at YC's San Francisco campus for the batch,,High expected value and the odds are real.,https://www.ycombinator.com/apply
36,7.05,Tier 1,apply-now,Not started,Character Labs (Fall 2026),$200K,3  $100-250K,200000,2026-09-23,40,C  1-6 weeks,OPEN,"San Francisco start and end, otherwise online (US Pacific ho",accelerator,5% for $200k,"Accepted with a stated preference against. Verbatim on solo founders: ""Technically no, but ideally yes"" - they ""have a preference for teams for 2-3"". A preferen",no,2-3 hours estimated; applications reviewed in order received with priority to earlier submissions. Form contents not enumerable without subm,"Starts and ends in person in San Francisco (Oct 27-30 and Nov 23-25); the middle is remote. ""all synchronous sessions take place on USA time, roughly 9am to 2pm",,High expected value and the odds are real.,https://contact.character.vc/labs
37,7.03,Tier 1,apply-now,Not started,Antler Residency — Amsterdam,$500K,2  $250K-1M,500000,,,rolling,OPEN,Netherlands,residency,Equity; terms not published on the apply page.,Founder-first residency; individual applicants are the norm.,no,~1-2 hours; deck upload optional.,"Amsterdam, in person. Antler states applicants 'must meet visa eligibility requirements for their chosen residency location'.",,High expected value and the odds are real.,https://www.antler.co/apply
38,7.02,Tier 1,apply-now,Not started,Forum Ventures B2B Accelerator,$100K,3  $100-250K,100000,,,rolling,OPEN,"New York City / Toronto / San Francisco / remote, USA and Ca",accelerator,$100K for 7.5% on a post-money SAFE - now confirmed on the programme page (phase 1 had this as not stated),"Not addressed on the page. Forum positions itself as a ""fractional co-founder"", which is structurally aimed at founders without a full team.",no,"1-2 hours. A pitch form, then a response within 1-2 weeks on whether to have a call. No video or references advertised.","NO RELOCATION REQUIRED - remote participation accepted. Office locations available in Toronto, New York City and San Francisco.",,High expected value and the odds are real.,https://forumvc.com/pitch-us
39,7.0,Tier 1,apply-now,Not started,ERA Winter 2027 Cohort,$150K,3  $100-250K,150000,2026-11-02,80,D  1-3 months,OPEN,"New York City, USA",accelerator,6% post-money,Not stated on the apply page,no,Unverified,New York City,,High expected value and the odds are real.,https://www.eranyc.com/apply/
40,6.98,Tier 2,apply-now,Not started,ikigai Launchpad (Fall 2026),$100K,3  $100-250K,100000,2026-08-16,2,A  this week,OPEN,Taiwan / Taipei,accelerator,"$100,000 for 8% via SAFE. That is a $1.25M effective valuation - the most expensive equity per dollar of any funded programme in this lane except Tenity.","Explicitly welcomes solo, verified on the programme FAQ: ""A co-founder is not required, but the company needs credible technical or domain capability on the fou",no,"Roughly 1-2 hours despite the form's own ""10-20 minutes"" estimate, because a FOUNDER INTRO VIDEO IS REQUIRED (""Submit a short intro video"") ","10 weeks in person in Taipei. ""The program takes place in person in Taipei. All co-founders are expected to join on site."" Free office space for the full 10 wee",,Closes in 2 days on an open form. Forms are editable; file and refine.,https://tally.so/r/w5p4jQ
41,6.98,Tier 2,apply-now,Not started,"Founders, Inc. (f.inc)",$250K,2  $250K-1M,250000,,,rolling,OPEN,"San Francisco (Fort Mason campus), USA",incubator,NOT STATED ON THE PAGE. Third parties say 4-10%; treat as unverified.,Not stated on the page,no,Unverified - the form did not render in my session. Budget 1-3 hours.,In-person on the San Francisco Fort Mason campus for the two-week trial,,Worth the hours once the closing set is filed.,https://f.inc/apply
42,6.95,Tier 2,apply-now,Not started,gener8tor Investment Accelerator,$100K,3  $100-250K,100000,,,rolling,OPEN,Multiple US cities plus international,accelerator,Investment-for-equity; percentage not published,,no,Not enumerated. Budget 2-3 hours.,"Varies by city programme - Alabama, California, Delaware, Georgia, Minnesota, Nebraska, Nevada, North Dakota, Oklahoma, Wisconsin, plus global sites",,Worth the hours once the closing set is filed.,https://www.gener8tor.com/accelerators
43,6.94,Tier 2,apply-now,Not started,Antler MENAP Residency (Dubai / Riyadh),$500K,2  $250K-1M,500000,,,rolling,OPEN,UAE and Saudi Arabia,residency,"$180,000 for 11% via SAFE, plus up to $320,000 uncapped follow-on. Better per-dollar than Antler Singapore ($180k/11% vs $150k/10%).","MATERIAL FINDING phase 1 did not have - Antler MENAP publishes an explicit solo position: ""we typically do not invest in solo founders after the program. Rather",no,"Short application to introduce yourself, then an offer. Comparable to Singapore, roughly 2-3 hours with the deck.","10-week full-time in-person residency. Dubai in Spring, Riyadh in Fall. The page carries a self-selection warning: ""If MENAP is not a region of strategic intere",,Worth the hours once the closing set is filed.,https://www.antler.co/location/menap
44,6.94,Tier 2,verify-first,Not started,Online Funding Inquiry (Intelligences funding cycle),$2M,1  $1M+,2000000,2026-08-14,0,A  this week,UNKNOWN,Global; international applications encouraged,grant,Non-dilutive grant,Not stated; Templeton funds academic-led teams,no,Stage one is a short Online Funding Inquiry; only invited projects submit a full proposal,,,Page state could not be read. Open it before spending drafting hours.,https://portal.templeton.org/
45,6.94,Tier 2,apply-now,Not started,Berkeley Gateway Accelerator — Fall '26,$200K,3  $100-250K,200000,,,rolling,OPEN,"US — Berkeley, California",accelerator,"~10% equity via SAFE, with pro-rata rights",Explicit: 'Solo founders and team are welcome to apply.',no,"~1-2 hours, Google Form",Must relocate to Berkeley for the 5-month residency,,Worth the hours once the closing set is filed.,https://docs.google.com/forms/d/e/1FAIpQLSetPEI2DkAPGjqkxO02I3v3u3oT2vGTRP-NMm9jRR1_6Bl3gw/viewform
46,6.93,Tier 2,apply-now,Not started,Deeptech Labs,$444.5K,2  $250K-1M,444500,,,rolling,OPEN,UK — Cambridge,accelerator,For equity; percentage not published.,Not stated on the site.,no,~2h Typeform.,Cambridge-based 3-month programme. Tracks pre-Series A European deeptech.,,Worth the hours once the closing set is filed.,https://deeptechlabs.typeform.com/cohortapp
47,6.92,Tier 2,apply-now,Not started,The Founders Club (Cohort 21),$109K,3  $100-250K,109000,2026-11-02,80,D  1-3 months,OPEN,Online (Estonia-run),incubator,"Entry fee €1,000+VAT for individuals (€1,500+VAT teams, €500+VAT CTOs/developers). Equity only if an investment offer is taken.",Explicitly welcomes solo applicants — 'you can team up with other program participants who have already existing idea propositions'.,no,~2 hours. Prefers B2B tech founders with 7+ years experience or leadership background — the founder's ISRO/Infineon/Intellect arc fits this ,None. Page states no geographical restrictions.,,Worth the hours once the closing set is filed.,https://startupwiseguys.com/all-programs/the-founders-club/founders-club-application/
48,6.9,Tier 2,apply-now,Not started,Afore Capital Founder in Residence (FIR),$100K,3  $100-250K,100000,,,rolling,OPEN,"United States (South Park, San Francisco)",residency,Flexible; Afore leads pre-seed rounds. Terms not published.,Explicitly both: 'Do you back solo founders or teams? Both! We'll also help you find a co-founder — just let us know in the application above.',no,Single form on the page,"In person in South Park SF, but page says 'We recognize all teams can't make it there so we encourage you to apply nonetheless.'",,Worth the hours once the closing set is filed.,http://afore.vc/residence
49,6.87,Tier 2,apply-now,Not started,Emergent Ventures (incl. EV India tranche),$100K,3  $100-250K,100000,,,rolling,OPEN,"Global, with a dedicated India tranche",grant,"Pure grant. No equity, no dilution.","Individual-first by design. Grants go to individuals, not teams.",no,~2-3 hours. Short-form written application. Eligibility floor is age 13+.,None. Location agnostic; select the region your project will affect.,,Worth the hours once the closing set is filed.,https://mercatus.tfaforms.net/5099527
50,6.86,Tier 2,apply-now,Not started,R[3]sidency × Construct,$300K,2  $250K-1M,300000,2026-09-15,32,C  1-6 weeks,OPEN,Europe — London,accelerator,Not published in the announcement,"Not addressed; accepts founders 'at any stage: idea phase, have an MVP or live product'",no,~2-3 hours,'Willing to co-work IRL in London for all or part of the program' — the 'or part' is the opening,,Worth the hours once the closing set is filed.,https://r3sidency.fabric.vc/
51,6.84,Tier 2,apply-now,Not started,Village Global Velocity,$150K,3  $100-250K,150000,,,rolling,OPEN,"Global applicants; San Francisco-centred, historically virtu",accelerator,Not published for Velocity. Predecessor Network Catalyst terms were $150K on a SAFE for 7% - do NOT assume these carry over.,"No published team requirement. ""We're happy to be your first investor, pre-traction and pre-revenue. Even if you just have an idea and no formal company yet - d",no,~1-2 hours. Short application form.,"Not stated for Velocity. The predecessor accepted founders ""located anywhere in the world (participate virtually or in SF)"".",,Worth the hours once the closing set is filed.,https://www.villageglobal.com/velocity/apply
52,6.84,Blocked,apply-now,Not started,Surge by Peak XV,$5M,1  $1M+,5000000,,,rolling,OPEN,India and Southeast Asia,accelerator,Seed equity. Percentage and valuation not published anywhere on the site.,"The form treats co-founders as mandatory at the field level: Q11, ""Please fill out your other co-founders' 1) Name 2) email address 3) contact number 4) LinkedI",YES,"Several hours. Twenty-one questions, thirteen of them required, including free-text answers on problem, differentiation and team fit. No vid","CORRECTED FROM PHASE 1: the 8-week Immersion is in SAN FRANCISCO, not Bangalore. Surge's own FAQ: ""The Immersion takes place in San Francisco"" and it ""concludes",,Worth the hours once the closing set is filed.,https://surge.peakxv.com/apply
53,6.83,Tier 2,apply-now,Not started,a16z Speedrun (SR008),$1M,1  $1M+,1000000,,,rolling,OPEN,"San Francisco, USA",accelerator,"10% for the first $500K, on a SAFE - confirmed on the a16z FAQ","Solo applicants welcomed with a stated preference against. FAQ: the programme welcomes solo applicants, though ""we generally prefer teams with multiple founders",no,"3-5 hours. The form starts behind an email gate. FAQ confirms a video is NOT required up front: after initial review, applicants ""submit a b","HARD IN-PERSON REQUIREMENT, CONFIRMED ON FAQ: the programme is ""IRL in San Francisco"" and ""in-person attendance is required"". Founders must ""be able to attend o",,Worth the hours once the closing set is filed.,https://speedrun.a16z.com/apply
54,6.83,Tier 2,apply-now,Not started,"Antler Residency (global — London, Singapore, Bangalore, Amsterdam/Berlin, Nordics, US, MEA)",$419.1K,2  $250K-1M,419100,,,rolling,OPEN,Global — 30 locations; single application form routes by reg,accelerator,"UK carries a £40k programme fee inside the deal. Singapore states no fee 'Not up-front, not after investment.' Terms differ materially by location — verify per city.","Explicitly fine: 'Whether solo or in an early team, our London residency is an eight-week sprint.' Antler often invests 'pre-team, pre-product, or pre-revenue.'",no,"Short web form (name, stage, region, city, optional deck). Singapore route uses an AI-guided conversation, ~30 minutes, which fast-tracks yo",Full-time in person for the residency duration in the chosen city. Founders pay their own travel and living costs.,,Worth the hours once the closing set is filed.,https://www.antler.co/apply
55,6.82,Tier 2,apply-now,Not started,Iterative (Winter 2027 batch),$500K,2  $250K-1M,500000,,,rolling,OPEN,"Southeast Asia (remote-first, Singapore-anchored)",accelerator,"10-15% for $150k-$500k, ""invested in full immediately"" with ""no milestones to meet, no clawbacks, and absolutely no program fees."" At the top of the range this is the best terms-per-dollar of any equity programme in the ","No solo bar published. Stage bar essentially absent: ""I ONLY HAVE AN IDEA. CAN I APPLY TO ITERATIVE? Absolutely, Yes!"" and they have invested in ""companies that",no,"Written application plus interview. ""We provide detailed feedback to everyone who interviews"" - unusual, and worth something even on a rejec","Focused on Southeast Asia. ""In-person orientation, fully remote program"" - a 4-day in-person kickoff, remainder remote. No explicit geographic exclusion is publ",,Worth the hours once the closing set is filed.,https://www.iterative.vc/apply
56,6.82,Tier 2,apply-now,Not started,LAUNCH Accelerator,$125K,3  $100-250K,125000,,,rolling,OPEN,United States (San Francisco Bay Area),accelerator,"Per third-party listing, $125K for 7%; not confirmed on the page",Not addressed,no,,"Bay Area, in person",,Worth the hours once the closing set is filed.,https://www.launchaccelerator.co/
57,6.8,Tier 2,apply-now,Not started,Innovate UK open competitions (Innovation Funding Service),$2.54M,1  $1M+,2540000,2026-09-03,20,B  2-3 weeks,OPEN,UK,grant,NON-DILUTIVE grant funding. No equity.,"Not applicable — grants are awarded to companies, not founders.",YES,20–40h per competition. Long-form technical and financial documents with detailed project plans and costings; no video.,"""All applicants must be UK-registered companies and carry out their project activities in the UK.""",,Closes in 20 days on an open form. Forms are editable; file and refine.,https://apply-for-innovation-funding.service.gov.uk/competition/search
58,6.79,Tier 2,apply-now,Not started,Effective Altruism Funds (Transformative AI Fund and EA Infrastructure Fund),$500K,2  $250K-1M,500000,,,rolling,OPEN,Global,grant,Non-dilutive grant,"Page states they fund 'people, projects, non-profits and institutions' - individuals explicitly in scope",no,Page advertises 'Apply in less than 1h'. No video required.,,,Worth the hours once the closing set is filed.,https://funds.effectivealtruism.org/apply-for-funding
59,6.75,Blocked,apply-now,Not started,Thiel Fellowship,$250K,2  $250K-1M,250000,,,rolling,OPEN,Global applicants; US-based programme,fellowship,Grant. No equity taken.,Individual fellowship - solo is the default.,no,Not applicable - ineligible.,,"AGE AND EDUCATION. FAQ, in the programme's own words: ""Anyone aged 22 or younger (and without a university degree) is eligible to apply."" Th",Worth the hours once the closing set is filed.,https://thielfellowship.org/apply
60,6.73,Tier 2,verify-first,Not started,Startup World Cup regional competitions,$1M,1  $1M+,1000000,,,rolling,UNKNOWN,Global - 100+ regional events,grant,"NOT equity-free at the top - the $1M ""will either be in exchange for a portion of equity related to the most recent round of funding or a convertible note"". Regional prizes vary.",No team-size rule,YES,"Low per regional - free to apply, and a startup may apply to more than one regional","""We accept applications regardless of your location. We encourage you to apply to the closest regional competition."" Grand Finale in San Francisco.",,Page state could not be read. Open it before spending drafting hours.,https://www.startupworldcup.io/
61,6.7,Tier 2,apply-now,Not started,CF Accelerator Batch #9,$27.2K,4  $25-100K,27250,2026-08-16,2,A  this week,OPEN,"Europe — Heilbronn, Germany",accelerator,"'Cost and equity-free' — no equity taken, no participation fee",Prefers teams but does not bar solo: 'if you have a special talent and are convinced that you have what it takes...we are willing to make an exception',no,~2-3 hours,"Physical attendance highly preferred during the programme; Heilbronn, Germany",,Closes in 2 days on an open form. Forms are editable; file and refine.,https://campusfounders.acceleratorapp.co/apply/program/cf-accelerator-batch-9
62,6.69,Tier 2,apply-now,Not started,Norrsken Evolve (formerly Norrsken Impact Accelerator),$545K,2  $250K-1M,545000,,,rolling,OPEN,Sweden (Stockholm),accelerator,'typically target 5% ownership',Not stated on the page.,no,"Airtable form, est. 2-4 hours.","'We primarily support founders from Europe (EU27, EU Candidate Countries and the UK)' but also 'We will support a handful of high-potential companies outside Eu",,Worth the hours once the closing set is filed.,https://airtable.com/app7bGSveZe9qXGM5/pag01no0ldy3Ae7Br/form
63,6.66,Tier 2,apply-now,Not started,StartupLab Accelerator,$370.6K,2  $250K-1M,370600,2026-09-25,42,C  1-6 weeks,OPEN,Norway (Oslo),accelerator,"Targeted ownership around 10%, described as flexible.",UNRESOLVED — the FAQ literally lists the question 'Do you accept solo founders?' but the answer did not render in the fetch. Worth a direct email in phase 2; th,no,Online form; they shortlist ~30 companies for interview. Est. 4-6 hours.,Oslo. Norwegian incorporation requirement not stated on the page; note that Innovation Norway separately allows a Norwegian branch of a foreign company (NUF).,,Worth the hours once the closing set is filed.,https://www.startuplab.no/apply/accelerator
64,6.64,Tier 2,apply-now,Not started,Startup Qatar Investment Program,$1.1M,1  $1M+,1100000,,,rolling,OPEN,Qatar / Doha,accelerator,"Equity taken, and the published range is unusually wide: ""TAKES 5-50% equity"". A 50% ceiling is far outside normal accelerator terms and must be pinned down before filing.","Not stated as a bar. The form asks how many technical employees are on the team, which a solo technical founder answers as one.",no,"F6S form, effort moderate. IMPORTANT operational note: F6S reverts anything set programmatically and only accepts what it watched a human ty","Qatar. The START track targets startups ""launching in Qatar"" and the GROW track those ""expanding to Qatar"". Registration and licence renewal cost waivers, flexi",,Worth the hours once the closing set is filed.,https://www.f6s.com/sqinvestmentprogram
65,6.61,Tier 2,apply-now,Not started,Zinc — Pre-Seed Investment,$381K,2  $250K-1M,381000,,,rolling,OPEN,UK,accelerator,Not stated on the page.,"No solo bar stated. The page says they seek ventures with ""a strong founding team"" — a preference, not a rule.",no,~1–2h: pitch deck submission via Airtable.,"""Zinc backs exceptional entrepreneurs starting and building Science-for-Impact ventures in the UK."" UK-building is stated; UK incorporation is not.",,Worth the hours once the closing set is filed.,https://airtable.com/appTvgH4eAXwSD2Vs/pagxU4iWkcj9vJrWj/form
66,6.6,Tier 2,apply-now,Not started,Antler Singapore Inception SG21,$400K,2  $250K-1M,400000,,,rolling,OPEN,Singapore,residency,"$150,000 for 10% plus an uncapped SAFE. A $1M effective post-money on the equity leg - expensive; the cleanest comparison in this lane is Iterative at $150k-$500k for 10-15%.","No published solo bar on the Singapore page, which distinguishes it sharply from Antler Australia (""We don't invest in solo founders"") and Antler MENAP (""we typ",no,"Roughly 2-3 hours end to end. AI-guided conversational application (~30 min), then a 15-minute screening call, then a virtual partner call. ",Six weeks full-time in person in Singapore from 5 October 2026. Founders self-fund travel and living. No fee to participate.,,Worth the hours once the closing set is filed.,https://www.antler.co/location/singapore
67,6.58,Tier 2,apply-now,Not started,Sputnik ATX VC,$400K,2  $250K-1M,400000,,,rolling,OPEN,"United States (Austin, TX)",accelerator,"$3mm cap, 30% discount terms. 'We don't take board seats.'",Not addressed,no,,Austin; 'back bold founders outside Silicon Valley',,Worth the hours once the closing set is filed.,https://sputnikatx.com/
68,6.58,Tier 2,verify-first,Not started,Startup World Cup,$1M,1  $1M+,1000000,,,rolling,UNKNOWN,"Global, via 100+ regional qualifying events",grant,"The grand prize is framed as an investment rather than a grant, so it is likely dilutive. This must be confirmed before it is treated as non-dilutive money.",,no,Unknown; varies by regional organiser,"Regional qualifier attendance, with the grand finale in San Francisco",,Page state could not be read. Open it before spending drafting hours.,https://www.startupworldcup.io/
69,6.57,Tier 2,verify-first,Not started,Entrepreneur First (The Bridge / global cohorts),$250K,2  $250K-1M,250000,,,rolling,UNKNOWN,"London, San Francisco, Bangalore, Paris and other hubs",accelerator,~8-10%,"EF recruits individuals, not companies - the entire model is built around admitting solo talent and forming teams during the programme",no,Multi-stage with interviews. Budget 4-6h for the written stage.,In-person at the chosen hub; EF runs a Bangalore hub,none identified,Page state could not be read. Open it before spending drafting hours.,https://apply.joinef.com/
70,6.57,Tier 2,apply-now,Not started,Manifund,$245K,3  $100-250K,245000,,,rolling,OPEN,Global,grant,"Non-dilutive. Grants and impact certificates, no equity.",Individuals post projects under their own name; the front page is dominated by solo project leads,no,2-4 hours. Create a project page with description and funding target. No video required.,,,Worth the hours once the closing set is filed.,https://manifund.org/
71,6.55,Blocked,apply-now,Not started,Startup Highway (pre-acceleration and incubation),$218K,3  $100-250K,218000,,,rolling,OPEN,"Lithuania (Vilnius, Kaunas, Klaipėda, Palanga)",accelerator,Non-equity accelerator.,Not stated.,YES,"Contact-form led ('Drop us a line, and we'll find the best fit'). Low effort to start.",HARD: 'Your company should be based in Central or Western Lithuania (Kaunas-Klaipėda).' Plus 'The company must have been established within the last five years.,Requires an existing company based specifically in Central or Western Lithuania (Kaunas-Klaipėda corridor) — both an entity and a sub-nation,Worth the hours once the closing set is filed.,https://www.rockitvilnius.com/startups
72,6.55,Tier 2,apply-now,Not started,Menlo Anthology Fund,$100K,3  $100-250K,100000,,,rolling,OPEN,Global (San Francisco and Menlo Park offices),non-dilutive scheme,Negotiated case by case; Menlo leads or participates,Not addressed on the page - no team-size requirement published,no,"1-2 hours. Embedded Airtable form covering startup, team, AI use case and traction. Response in approximately two weeks. No video or referen","NONE - CONFIRMED GLOBAL. Verbatim: ""Although we prefer to invest in companies based in the U.S., we know that innovation can happen anywhere in the world and wi",,Worth the hours once the closing set is filed.,https://menlovc.com/anthology-fund-application/
73,6.55,Tier 2,apply-now,Not started,Discipulus Cohort (Fall 2026),$175K,3  $100-250K,175000,,,rolling,OPEN,"United States (El Segundo, CA) — international applicants ac",residency,Not published on the page,"Explicit: 'Is having a team a requirement to apply? No, it isn't.'",no,One team member only needs to apply; form on the cohort page,"Two weeks in person in El Segundo, full attendance required. 'Do you accept applicants from outside the U.S.? Yes, we welcome international applicants.'",,Worth the hours once the closing set is filed.,https://www.discipulusventures.com/cohort
74,6.51,Tier 2,apply-now,Not started,Startmate Accelerator (Summer 2027 cohort),$120K,3  $100-250K,120000,2026-11-08,86,D  1-3 months,OPEN,Australia and New Zealand,accelerator,"AUD $120,000 at AUD $1.5m post-money for founders who have not previously raised - 8% for roughly USD $78k, the harshest valuation of any programme in this lane. Founders who have raised are matched to their prior round'","No solo bar found on any Startmate page I read. The only team condition surfaced is that ""one cofounder must be full-time"", which a solo founder satisfies by de",no,"Roughly 2 hours of founder time plus video production. Stage 1 is ""online application + 90sec video (~1h)""; Stage 2 is a 1-hour in-depth int","Hybrid, joinable from anywhere in Australia or New Zealand, with three in-person weeks (week 0, mid-programme, Demo Day). The misconceptions page muddies this b","UNRESOLVED, not confirmed - and deliberately not recorded as a blocker. Phase 1 flagged a probable ANZ-tie rule. I read the Accelerator prog",Worth the hours once the closing set is filed.,https://www.startmate.com/accelerator/program
75,6.51,Tier 2,apply-now,Not started,MuckerLab,$175K,3  $100-250K,175000,,,rolling,OPEN,"Los Angeles, USA - applications worldwide, no relocation",accelerator,10% to 15% equity,Not stated on the page; OPC directory records it as accepting solo founders,no,Unverified,None. Page states: 'We accept applications from all over the world. There is no requirement to relocate for the MuckerLab program.',none identified,Worth the hours once the closing set is filed.,https://mucker.com/accelerator
76,6.48,Tier 2,verify-first,Not started,Science of Trustworthy AI RFP and Scaling AI Safety for a Multi-Agent World,$5M,1  $1M+,5000000,,,rolling,UNKNOWN,Global,grant,Non-dilutive grant,"Reported open to ""individual researchers, research teams, institutions, and multi-institution collaborations""",no,Full research proposal - heavy,Reported open globally; cross-geographic collaboration encouraged,,Page state could not be read. Open it before spending drafting hours.,https://www.schmidtsciences.org/opportunity/2026-science-of-trustworthy-ai-rfp/
77,6.48,Tier 2,verify-first,Not started,AI Safety Fund,$5M,1  $1M+,5000000,,,rolling,UNKNOWN,Global,grant,Non-dilutive grant,,no,Full research proposal,None identified,,Page state could not be read. Open it before spending drafting hours.,https://www.frontiermodelforum.org/ai-safety-fund/
78,6.46,Tier 2,apply-now,Not started,Bessemer Beam,$10K,5  under $25K,10000,,,rolling,OPEN,United States — global applicants,incubator,"Zero equity, zero debt. Only ask is the right to invest 30% of your next financing (capped at $3M) at your lead's terms, no discount.",Explicitly welcomes solo founders: 'We welcome solo founders and early-stage startups in the pre-seed stages.',no,'A FAST APPLICATION' per the page; response within 2 business days,Not stated as a relocation programme,,Worth the hours once the closing set is filed.,https://www.bvp.com/bessemer-beam
79,6.44,Tier 2,apply-now,Not started,Hub71 Access Programme (Cohort 20),$67.5K,4  $25-100K,67500,2026-08-21,7,A  this week,OPEN,UAE / Abu Dhabi,accelerator,SAFE note. Equity is taken. Valuation and percentage are not published on either page.,"No team-size rule published. VERIFIED across both the programme page and the apply page: the only founder-side condition is ""At least one founder is expected to",no,"Roughly 3-5 hours. A PITCH DECK IS MANDATORY: the page requires ""a pitch deck in PDF format covering problem, solution, value proposition, b","12-month programme in Abu Dhabi. ""At least one founder is expected to commit to relocating long-term and building a team out of Abu Dhabi."" This is the stronges",,Closes in 7 days on an open form. Forms are editable; file and refine.,https://www.hub71.com/program/access-programme/apply
80,6.44,Tier 2,verify-first,Not started,Techstars Tokyo Accelerator,$120K,3  $100-250K,120000,,,rolling,UNKNOWN,Japan / Tokyo,accelerator,"Techstars takes ""5% of the company in common stock plus the future value of the $100,000 uncapped MFN Safe."" Phase 1 had no terms at all for this programme.",Not stated on the Tokyo page.,no,"Techstars standard application, behind the account gate. Effort not assessable without registering.","Three-month programme in Tokyo, explicitly open to ""startups from Japan and abroad"". This is the crucial contrast with JETRO GSAP, which requires the company to",,Page state could not be read. Open it before spending drafting hours.,https://apply.techstars.com/
81,6.44,Tier 2,apply-now,Not started,Expert Dojo,$100K,3  $100-250K,100000,,,rolling,OPEN,"Santa Monica, California, USA",accelerator,3.5% to 7% equity,,no,Unverified,Santa Monica address; remote eligibility not stated,none identified,Worth the hours once the closing set is filed.,https://expertdojo.com/application/
82,6.43,Tier 2,verify-first,Not started,Internet Freedom Fund,$900K,2  $250K-1M,900000,,,rolling,UNKNOWN,"Global - ""irrespective of nationality""",grant,Non-dilutive grant,"Reported: ""Individuals or organizations (for-profit or nonprofit) of all ages irrespective of nationality, creed, or sex are eligible to apply"" - one of the mos",no,Concept note first - low cost to enter,,,Page state could not be read. Open it before spending drafting hours.,https://apply.opentech.fund/internet-freedom-fund-concept-note/
83,6.43,Tier 2,verify-first,Not started,Velocity,$150K,3  $100-250K,150000,,,rolling,UNKNOWN,Global (fully remote),accelerator,DILUTIVE. No non-dilutive track was found. Network Catalyst is explicitly 7% equity; Velocity provides capital on undisclosed terms.,,no,"Low - a submission form, though a warm introduction via a Network Leader is the stated preferred route","""fully remote, with founders able to join from anywhere in the world""",,Page state could not be read. Open it before spending drafting hours.,https://www.villageglobal.vc/
84,6.43,Tier 2,verify-first,Not started,APX,$545K,2  $250K-1M,545000,,,rolling,UNKNOWN,"Berlin, Germany",accelerator,5% for the initial ticket,,no,Pitch submission. Unverified.,Berlin-based programme,none identified,Page state could not be read. Open it before spending drafting hours.,https://apx.vc/looking-for-funding
85,6.41,Tier 2,apply-now,Not started,NYC AI Nexus — Fall 2026 cohort,,6  no cash,0,2026-08-31,17,B  2-3 weeks,OPEN,US — New York City,accelerator,Core Accelerator: 1–2% advisory shares. Separate Build Track: 15–50% founder stock.,Page invites 'individuals or teams' — no team requirement stated,no,~2 hours,'At least one member of the team must be based in NYC or be able to commute to NYC once per week for cohort programming',,Closes in 17 days on an open form. Forms are editable; file and refine.,https://www.c10labs.com/apply
86,6.4,Tier 2,apply-now,Not started,Alchemist Accelerator (Flagship),$30K,4  $25-100K,30000,,,rolling,OPEN,"San Francisco / Silicon Valley, USA",accelerator,"""Most Alchemist companies grant 5.00% of equity, but Alchemist has flexible terms""","ACCEPTED WITH A STATED HIGHER BAR. Verbatim: ""Do you accept solo founders? Yes, Alchemist will accept solo founders. However, the bar for solo founders is signi",no,"3-4 hours. Four sections. The form's own guidance: ""When applying, please pay special attention to the section about your team. Of all the i","NO RELOCATION REQUIRED - a significant correction. ""Alchemist companies may be located anywhere in the world"" and ""Programming and mentorship are available virt",,Worth the hours once the closing set is filed.,https://www.alchemistaccelerator.com/apply
87,6.38,Tier 2,verify-first,Not started,Techstars London Accelerator (Fall 2026),$220K,3  $100-250K,220000,,,rolling,UNKNOWN,UK — London,accelerator,~6% (aggregator).,No published solo bar; prefers teams in practice. Not stated on the London pages.,no,~4–6h. Techstars' form is long and asks for a founder video.,13-week in-person programme in London.,,Page state could not be read. Open it before spending drafting hours.,https://apply.techstars.com/
88,6.37,Tier 2,verify-first,Not started,Renaissance Philanthropy - open fund and RFP portfolio,$1M,1  $1M+,1000000,,,rolling,UNKNOWN,Global,grant,Non-dilutive grant,,no,"Letter of intent first, then full proposal",,,Page state could not be read. Open it before spending drafting hours.,https://www.renaissancephilanthropy.org/funds
89,6.35,Tier 2,apply-now,Not started,Founder University Cohort 13,$125K,3  $100-250K,125000,,,rolling,OPEN,Remote / virtual (US Central time sessions),accelerator,,,no,Under 1 hour. Low-friction form.,"Fully remote in practice, though the FAQ answer to ""Is Founder University in-person or remote?"" does not render on the page",,Worth the hours once the closing set is filed.,https://forms.launch.co/apply?prog=fun
90,6.32,Tier 2,verify-first,Not started,Soma Capital Fellowship,$2M,1  $1M+,2000000,,,rolling,UNKNOWN,"Remote, global",fellowship,Reported 0% / uncapped SAFE,OPC directory records 'Solo ✓',no,Unverified,Remote,none identified,Page state could not be read. Open it before spending drafting hours.,https://programs.somacap.com/fellows
91,6.31,Tier 2,verify-first,Not started,Orange DAO Fellowship,$300K,2  $250K-1M,300000,,,rolling,UNKNOWN,Global applicants; hybrid with in-person weeks in San Franci,accelerator,"""Fellows receive a $100K uncapped (MFN) SAFE investment. There is a separate program/advisory fee of 2%, which falls under a separate agreement from the SAFE.""","Explicitly accepts solo. FAQ: ""Yes, we accept solo founders.""",no,"~3-4 hours. Response within a month, then 1-2 short interviews.",One founder must attend the IRL sessions in San Francisco and pitch at Demo Day.,,Page state could not be read. Open it before spending drafting hours.,https://tally.so/r/n0ZAyN
92,6.31,Tier 2,apply-now,Not started,100X.VC,$150K,3  $100-250K,150000,,,rolling,OPEN,India,accelerator,"""iSAFE note for 15% of Future Equity."" Fifteen percent for Rs 1.25cr is expensive - the worst terms-per-dollar of any equity programme in this lane except Startmate.","Not stated. No team-size condition published. They look for founders ""building their startup from India"" and dedicated full-time.",no,"Online JotForm, initial screening call within 7-10 working days, then an in-person interview in Mumbai. No video or references stated.","""The program is designed for founders building their startup from India and looking to raise their first cheque"" and ""Startups can be from across stages, and ba",,Worth the hours once the closing set is filed.,https://form.jotform.com/100xvc/100xvc-startup-application
93,6.29,Blocked,verify-first,Not started,Morgan Stanley Inclusive Ventures Lab,$250K,2  $250K-1M,250000,,,rolling,UNKNOWN,"New York City, USA",accelerator,Reported as non-dilutive by one aggregator and 'varies' by another - sources conflict,OPC directory records 'Solo ✓',no,Unverified,NYC; 5-month programme,"possible demographic eligibility screen - unresolved, see notes",Page state could not be read. Open it before spending drafting hours.,https://www.morganstanley.com/what-we-do/inclusive-ventures-lab
94,6.27,Tier 2,verify-first,Not started,MassChallenge Switzerland Early-Stage Accelerator,$1.12M,1  $1M+,1120000,,,rolling,UNKNOWN,Switzerland,accelerator,Takes no equity in the companies it supports,,no,,"Startups need to travel and be present in Switzerland twice, for the Bootcamp and for Halftime activities - light-touch by the standards of this lane",,Page state could not be read. Open it before spending drafting hours.,https://masschallenge.org/programs-switzerland/
95,6.24,Tier 2,verify-first,Not started,XPRIZE open competitions,$5M,1  $1M+,5000000,,,rolling,UNKNOWN,Global,grant,Non-dilutive prize money,Team-based competitions. Solo entry is unusual but not barred.,no,Very high. These are multi-year technical competitions.,,,Page state could not be read. Open it before spending drafting hours.,https://www.xprize.org/prizes
96,6.23,Tier 2,apply-now,Not started,Startupbootcamp AI & Web3 (Amsterdam),$109K,3  $100-250K,109000,,,rolling,OPEN,"Netherlands (Amsterdam), hybrid",accelerator,Not published on the programme page.,Not stated.,no,Unknown. A programme brochure is downloadable from the page.,'Hybrid | Amsterdam'.,,Worth the hours once the closing set is filed.,https://startupbootcamp.org/accelerator/aivolution-iii
97,6.23,Tier 2,apply-now,Not started,Entrepreneur First — Fellowship Residency,$10K,5  under $25K,10000,,,rolling,OPEN,United States (San Francisco),fellowship,Equity-free grant. Optional pathway to pitch for EF's full $250K investment during the residency.,"Designed for individuals, not teams — you apply as a person. Structurally solo-friendly, though EF's core thesis is co-founder matching.",no,"Rolling form; interviews with EF US team, advisors, alumni and leadership if progressed",Live in SF for three months alongside other founders,,Worth the hours once the closing set is filed.,https://www.joinef.com/the-fellowship-residency/
98,6.19,Tier 2,apply-now,Not started,"Google for Startups Accelerator: Middle East, North Africa and Turkey",,6  no cash,0,2026-08-31,17,B  2-3 weeks,OPEN,MENA + Turkey,accelerator,Equity-free. Google takes nothing.,"No team-size bar. The only team condition is ""Commitment from CTO and/or technical roles to participate and engage in required program sessions"" - the founder i",no,2-4 hours. Standard Google accelerator form. No video and no references required.,"PHASE 1'S CENTRAL QUESTION IS ANSWERED, AND IT ANSWERS WELL. The full published eligibility list contains NO headquarters or basing requirement. Compare Google'",,Closes in 17 days on an open form. Forms are editable; file and refine.,https://startup.google.com/programs/accelerator/middle-east-north-africa-turkey/
99,6.17,Tier 2,verify-first,Not started,Plug and Play,$500K,2  $250K-1M,500000,,,rolling,UNKNOWN,"Sunnyvale, California plus 40+ global locations including In",accelerator,"0-5%, optional - participation is possible with no equity taken",OPC directory records 'Solo ✓',no,Unverified,"Many locations globally, including India; 12-week programmes",none identified,Page state could not be read. Open it before spending drafting hours.,https://www.plugandplaytechcenter.com/apply
100,6.17,Tier 2,apply-now,Not started,Greylock Edge,,6  no cash,0,,,rolling,OPEN,"San Francisco Bay Area, USA",accelerator,"No set terms and no required dilution upfront. Listed under ""What we are not"": ""Set terms and required dilution upfront in order for you to join the program."" FAQ ""What's the catch?"": ""There isn't one... If after working","No bar and no team requirement stated. FAQ ""What do I need to have to apply?"": ""Edge is designed to meet founders where they are, especially from the very onset",no,"1-2 hours. Short typeform: name, email, LinkedIn, then a small number of follow-up questions. No video and no references required. FAQ: ""The",Not stated on the page. No relocation requirement published.,,Worth the hours once the closing set is filed.,https://form.typeform.com/to/a9xz4TxD
101,6.17,Tier 2,verify-first,Not started,"Techstars (Fall 2026 / Spring 2027 programmes, incl. Techstars Anywhere)",$220K,3  $100-250K,220000,,,rolling,UNKNOWN,"Global - 40+ programmes across multiple cities, plus the rem",accelerator,5% common equity plus a $200K SAFE,OPC directory records 'Solo ✓'. Techstars has historically funded solo founders but managing directors commonly prefer teams.,no,"Substantial form plus video. Budget 6-8h, and it is reusable across multiple Techstars programmes in one submission.","Varies by programme. The Techstars Anywhere programme is remote-first with three in-person meetups, and is the relevant one given no relocation is required.",none identified,Page state could not be read. Open it before spending drafting hours.,https://apply.techstars.com/
102,6.16,Tier 2,apply-now,Not started,Alchemist Chicago,$30K,4  $25-100K,30000,,,rolling,OPEN,"Chicago, USA",accelerator,Not separately stated; flagship reference is ~5%,"Same as flagship - solo accepted, ""the bar for solo founders is significantly higher""",no,ZERO MARGINAL EFFORT - it is one extra checkbox on the flagship application already being filed.,"Chicago, in partnership with the Polsky Center for Entrepreneurship and Innovation (University of Chicago)",,Worth the hours once the closing set is filed.,https://www.alchemistaccelerator.com/apply
103,6.16,Tier 2,verify-first,Not started,MINT,$500K,2  $250K-1M,500000,,,rolling,UNKNOWN,"New York City / San Francisco, USA",accelerator,10%,,no,Unverified,NYC/SF,"none identified, but fintech-only thesis is a soft eligibility problem",Page state could not be read. Open it before spending drafting hours.,https://www.btv.vc/the-mint
104,6.13,Tier 2,apply-now,Not started,Emergent Ventures India,$50K,4  $25-100K,50000,,,rolling,OPEN,India (applicant may be anywhere; project must affect India),grant,"Non-dilutive grant, no equity",Individuals; no team requirement,no,"~1-2 hours, same questionnaire",Project must have an India focus. No Indian entity required.,,Worth the hours once the closing set is filed.,https://mercatus.tfaforms.net/5099527
105,6.13,Tier 2,apply-now,Not started,Together AI Startup Accelerator,,6  no cash,0,,,rolling,OPEN,Global,credits,Non-dilutive,No team-size requirement published,no,~30 min form,None - open worldwide,,Worth the hours once the closing set is filed.,https://www.together.ai/startup-accelerator
106,6.13,Tier 2,apply-now,Not started,Snowflake for Startups / Startup Accelerator,,6  no cash,0,,,rolling,OPEN,Global,accelerator,The credits track is non-dilutive; Snowflake Ventures is a separate equity vehicle,,no,Contact form rather than a structured application,,,Worth the hours once the closing set is filed.,https://www.snowflake.com/en/why-snowflake/startup-program/
107,6.1,Tier 2,verify-first,Not started,NatWest Accelerator,$127K,3  $100-250K,127000,,,rolling,UNKNOWN,UK — 12 locations plus online,non-dilutive scheme,"None — ""The programme is free for participating businesses and entrepreneurs do not need to give up any equity in their business to take part.""",No bar stated.,no,Low for the community; the Pitch competition needs a 60-second video.,UK business. 12 UK hub locations plus online delivery.,,Page state could not be read. Open it before spending drafting hours.,https://www.natwest.com/business/business-services/entrepreneur-accelerator.html
108,6.07,Tier 2,apply-now,Not started,Hub71+ AI,$67.5K,4  $25-100K,67500,2026-08-21,7,A  this week,OPEN,UAE / Abu Dhabi,accelerator,"Inherits Access: SAFE note, equity taken.",Inherits the Access Programme stance - no published team-size rule.,no,Zero incremental effort. It is one yes/no question inside the Access form.,"Inherits Access: Abu Dhabi, with at least one founder committing to long-term relocation.",,Closes in 7 days on an open form. Forms are editable; file and refine.,https://www.hub71.com/program/access-programme/apply
109,6.04,Tier 2,verify-first,Not started,"Creation-to-Capital Cycle (Ignition Qualifiers, Founders' Dive, Acceleration Program)",$327K,2  $250K-1M,327000,,,rolling,UNKNOWN,"Latvia (Riga), operating internationally",accelerator,Equity investment via dedicated pre-seed and seed funds; 40 ventures in portfolio.,The model deliberately pairs an individual entrepreneur with a scientist — solo entrepreneurial applicants are the intended intake for the ENT track.,no,Unknown; entry is via the Ignition Qualifiers training track rather than a direct startup application.,"Latvia-headquartered, operating internationally. Also operates ESA BIC Latvia since November 2024.","none formally, but the programme creates new ventures around licensed university science rather than accelerating a founder's own existing p",Page state could not be read. Open it before spending drafting hours.,https://www.commercializationreactor.com/
110,6.04,Blocked,verify-first,Not started,America's Seed Fund (NSF SBIR/STTR),$1M,1  $1M+,1000000,,,rolling,UNKNOWN,United States,non-dilutive scheme,Fully non-dilutive federal funding,No team-size rule,YES,"Very high. A project pitch, then a full proposal running to weeks of work.",United States,"SBIR requires a registered US small business concern to submit, including SAM.gov registration, and NSF requires the business to be more tha",Page state could not be read. Open it before spending drafting hours.,https://seedfund.nsf.gov/
111,6.03,Tier 2,verify-first,Not started,Tech Nation Rising Stars,$2.16M,1  $1M+,2159000,,,rolling,UNKNOWN,UK — national,non-dilutive scheme,"A pitch competition, not an equity programme; any investment prize would carry its own terms.",Not stated.,no,"Moderate — judged on value proposition, competitive advantage, current traction, founder/team experience, and potential to scale.",UK. Finalists pitch live at London Tech Week.,,Page state could not be read. Open it before spending drafting hours.,https://ff.co/rising-stars/
112,6.02,Tier 2,apply-now,Not started,Cloudflare Workers Launchpad,,6  no cash,0,,,rolling,OPEN,"Global / remote (Cloudflare-run, US HQ)",accelerator,Non-dilutive - Cloudflare takes no equity,,no,"Historically ""less than five minutes to submit your application through the Workers Launchpad portal"" per Cloudflare's own launch post. Curr",None - virtual programme with a virtual Demo Day,,Worth the hours once the closing set is filed.,https://www.cloudflare.com/startups/workers-launchpad/
113,6.02,Blocked,apply-now,Not started,Cyberport Creative Micro Fund (CCMF) - Hong Kong Programme,$100K,3  $100-250K,100000,2026-12-01,109,E  3 months+,OPEN,Hong Kong,grant,Non-dilutive grant. No equity taken.,"No team-size requirement. The programme explicitly accepts individual applicants as well as companies: sub-programmes are described as ""accepting individual app",no,"Online application through the EMS portal, then a presentation to an independent vetting team drawn from the Entrepreneurship Committee Advi",Hong Kong. Open to applicants aged 18 or above upon the application deadline.,"A Hong Kong nexus is required, but which one depends on the route, and one route does not need an entity to apply: ""Individual Applicants: P",Worth the hours once the closing set is filed.,https://ems.cyberport.hk/form/?selected_lang=en
114,5.99,Blocked,apply-later,Not started,Antler UK Residency,$419.1K,2  $250K-1M,419100,,,rolling,OPEN,Europe — London,residency,"£125,000 for 8.5% equity plus a convertible note; Antler Elevate can invest up to £25M at Series A and beyond","Published rule against it: 'We don't invest in solo founders. Most people join Antler solo, but the goal of the residency is to form a complementary founding te",no,AI-guided conversation then interviews,Eight weeks in London,"Visa condition, not a wall: 'Founders must either have the right to work in the UK or be actively working on a visa application by their fir",Low expected value. Revisit after public launch changes the traction answer.,https://www.antler.co/apply
115,5.99,Tier 3,verify-first,Not started,Sharjah Startup Studio (S3),$810K,2  $250K-1M,810000,,,rolling,UNKNOWN,UAE / Sharjah,accelerator,"""Participate in an equity-free program with no participation charges.""",Not stated.,no,Not assessable while the page shows a stale cycle.,"Sharjah, UAE. Eligibility requires being ""Committed to operating and expanding within Sharjah and across the UAE"", and on attendance: ""we require your presence ",,Page state could not be read. Open it before spending drafting hours.,https://www.asc.sheraa.ae/s3-program
116,5.97,Blocked,verify-first,Not started,NIY funding (Young Innovative Company),$1.09M,1  $1M+,1090000,,,rolling,UNKNOWN,Finland,non-dilutive scheme,"Non-dilutive grant, but requires 50% company co-funding of total project costs in each phase.",Not stated.,YES,Heavy — est. 25-40 hours plus matched funding evidence.,Finland; company registered in Finland and typically less than 5 years old.,none confirmed; the 50% co-funding requirement is the practical barrier,Page state could not be read. Open it before spending drafting hours.,https://www.businessfinland.fi/en/for-finnish-customers/services/funding/niy-companies
117,5.97,Tier 3,verify-first,Not started,Collaborative Fund AIR (Global Startup Residency),$500K,2  $250K-1M,500000,,,rolling,UNKNOWN,"Multiple cities, global",residency,"Reported 10% by one source, 'founder-friendly, optionally equity-free' by another",,no,Unverified,Multiple cities; residency format,none identified,Page state could not be read. Open it before spending drafting hours.,https://collaborativefund.com/air/
118,5.93,Tier 3,verify-first,Not started,Exploratory Grantmaking in Technology,$400K,2  $250K-1M,400000,,,rolling,UNKNOWN,Primarily US institutions,grant,Non-dilutive grant,Unknown - page unreadable. Sloan's grantmaking is overwhelmingly to institutions and named PIs.,no,Letter of inquiry of maximum 2 pages emailed to technology@sloan.org,"The related OSPO call is explicitly limited to ""U.S. research institutions""",,Page state could not be read. Open it before spending drafting hours.,https://sloan.org/programs/digital-technology
119,5.89,Tier 3,apply-later,Not started,Entrepreneur First - US Fellowship Residency,$10K,5  under $25K,10000,,,rolling,OPEN,US (San Francisco),fellowship,"Equity-free grant. ""we offer an equity free $10K grant and housing for three months.""","Designed for individuals. Explicitly for ""exceptional individuals who aren't yet ready to commit full-time"" or still exploring.",no,"Same EF application funnel; ~3-5 hours plus interviews. EF assigns you to the pathway that fits, so this may come out of a single applicatio",San Francisco. Founder house and office both in SF; residency strongly encouraged though not mandatory.,,Low expected value. Revisit after public launch changes the traction answer.,https://www.joinef.com/faqs/us/
120,5.88,Tier 3,apply-later,Not started,Google AI Futures Fund,,6  no cash,0,,,rolling,OPEN,Global (anywhere Gemini is available),non-dilutive scheme,Hybrid. Access + credits are non-dilutive; investment is optional and separate.,No stated team requirement,no,"Short Google Form, ~1 hour. No video required.",'Open to companies anywhere Gemini is available',,Low expected value. Revisit after public launch changes the traction answer.,https://docs.google.com/forms/d/e/1FAIpQLSeRxGtBtR5jvunlcVfgjd9M6xM6Glna7Kh3JvFQR1C0UgzG_Q/viewform?resourcekey=0-6bXfRbWW3dF9UCSBfeYHTw
121,5.88,Tier 3,verify-first,Not started,Magic Mind AI Accelerator,$381.5K,2  $250K-1M,381500,,,rolling,UNKNOWN,"Europe — Milan, Italy",accelerator,Up to 10% equity. Founders must accept terms and sign a term sheet BEFORE Selection Day — stated as a mandatory prerequisite.,Not addressed,no,Not established,At least one founder commits ~1 day per week; co-working available at partner offices in Milan,,Page state could not be read. Open it before spending drafting hours.,https://www.magicmind.eu/
122,5.86,Blocked,apply-later,Not started,Industry Growth Program,$5M,1  $1M+,5000000,,,rolling,OPEN,Australia,non-dilutive scheme,Non-dilutive government grant,,YES,High. Two-stage process beginning with the Advisory Service.,Australia,"The programme funds Australian businesses and is scoped to National Reconstruction Fund priority areas, described as helping 'build Australi",Low expected value. Revisit after public launch changes the traction answer.,https://business.gov.au/grants-and-programs/industry-growth-program
123,5.85,Tier 3,verify-first,Not started,Qatar Science & Technology Park Incubation and Startup Qatar TASMU Accelerator,$55K,4  $25-100K,55000,,,rolling,UNKNOWN,Qatar / Doha,incubator,"Equity-free and explicitly so: ""Founders retain 100% full company ownership; TASMU Accelerator believes in truly empowering your growth without taking a single slice of equity.""",Not stated.,no,Not established - no live intake to describe.,"Qatar-oriented but delivered remotely: TASMU is a ""virtual acceleration platform with flexible, global access"", which would suit a founder unwilling to relocate",,Page state could not be read. Open it before spending drafting hours.,https://accelerator.tasmu.gov.qa/
124,5.84,Tier 3,verify-first,Not started,Antler India Residency,$480K,2  $250K-1M,480000,,,rolling,UNKNOWN,India / Bengaluru,residency,Rs 4 Cr (~$470K) for 11% total. By a wide margin the best per-dollar equity of any Antler city verified here - roughly three times Singapore's cheque for one extra point of dilution.,"Not directly stated for India. The residency targets ""Strong teams committed full-time; actively experimenting with users to sharpen MVP clarity"" and emphasises",no,Antler standard application. Assume the same deck requirement as other cities.,"""Available to join full-time in Bangalore"" for the residency. The founder already lives in Bangalore, so this is the only Antler city with zero relocation cost.",,Page state could not be read. Open it before spending drafting hours.,https://www.antler.co/location/india
125,5.83,Tier 3,verify-first,Not started,Sputnik ATX,$400K,2  $250K-1M,400000,,,rolling,UNKNOWN,"Austin, Texas, USA",accelerator,SAFE with a 30% discount,,no,Unverified,Austin-based,none identified,Page state could not be read. Open it before spending drafting hours.,https://www.sputnikatx.com/
126,5.79,Tier 3,apply-later,Not started,Z Fellows,$10K,5  under $25K,10000,,,rolling,OPEN,"Global applicants; one week in Silicon Valley, US",fellowship,"Optional $10,000 investment at a $1B valuation cap (converts at next priced round), or participate with no money and no equity at all. ""You can participate without money or we can give you a $10,000 investment at a $1B v","No stated preference for teams. ""You can fill out just one application for your team. If you have a co-founder, make sure to note this somewhere."" Individuals r",no,~3-4 hours. Ten required 100-word essays. No video required per third-party guides - verify on the form.,One week in person in Silicon Valley,,Low expected value. Revisit after public launch changes the traction answer.,https://www.zfellows.com/
127,5.79,Tier 3,verify-first,Not started,Pegasus Angel Accelerator,$100K,3  $100-250K,100000,,,rolling,UNKNOWN,"California, USA - remote-first",accelerator,"Capped SAFE, percentage varies",,no,Unverified,Remote-first per the directory,none identified,Page state could not be read. Open it before spending drafting hours.,https://www.pegasusangelaccelerator.com/
128,5.77,Tier 3,verify-first,Not started,Buildit Accelerator,$272.5K,2  $250K-1M,272500,,,rolling,UNKNOWN,Estonia (Tartu) and Latvia,accelerator,Equity; terms unverified.,Not established.,no,Unknown.,Estonia/Latvia.,none established,Page state could not be read. Open it before spending drafting hours.,https://buildit.co/
129,5.77,Tier 3,verify-first,Not started,Innovate UK Smart Grants,$2.54M,1  $1M+,2540000,,,rolling,UNKNOWN,UK,grant,Non-dilutive grant.,Not applicable.,YES,20–40h.,UK-registered business carrying out project activities in the UK.,,Page state could not be read. Open it before spending drafting hours.,https://apply-for-innovation-funding.service.gov.uk/competition/search
130,5.74,Tier 3,verify-first,Not started,Seedcamp,$218K,3  $100-250K,218000,,,rolling,UNKNOWN,Europe (London-based),accelerator,7-7.5% per aggregators,,no,Pitch submission. Unverified.,Europe-focused,none identified,Page state could not be read. Open it before spending drafting hours.,https://seedcamp.com/
131,5.74,Tier 3,apply-later,Not started,Member Residency,,6  no cash,0,,,rolling,OPEN,"US/India — San Francisco, New York City, Bengaluru",founder community,No cost and no equity,Individual-based programme; solo is the default unit,no,~1-2 hours,"Offices in SF (380 Brannan St), NYC and Bengaluru — the Bengaluru office matters here",,Low expected value. Revisit after public launch changes the traction answer.,https://www.southparkcommons.com/apply
132,5.72,Blocked,verify-first,Not started,Cyberport Incubation Programme,$500K,2  $250K-1M,500000,,,rolling,UNKNOWN,Hong Kong,incubator,Equity-free financial assistance - one of the better non-dilutive numbers in the lane.,Not stated. Requires at least one local authorised representative physically working in Hong Kong.,YES,"Online application, no fee. Prior intakes ran on a quarterly rhythm: the March 2026 intake closed 2 January 2026 and the June 2026 intake cl","Hong Kong, with at least one authorised representative physically working there.","Requires a Hong Kong incorporated company, with a softening clause worth noting: the published criterion is a registered digital tech compan",Page state could not be read. Open it before spending drafting hours.,https://www.cyberport.hk/en/entrepreneurship/cyberport_incubation_programme/
133,5.72,Tier 3,verify-first,Not started,Frontier Program,$250K,2  $250K-1M,250000,,,rolling,UNKNOWN,Australia,residency,$250k on an uncapped MFN SAFE,'A residency for idea-stage founders' with cohorts of five or six peers — no team requirement stated,no,Not established,Airtree is Sydney-based; whether relocation is required was not established,,Page state could not be read. Open it before spending drafting hours.,https://www.airtree.vc/
134,5.71,Tier 3,verify-first,Not started,Contrary Sabbatical,$250K,2  $250K-1M,250000,,,rolling,UNKNOWN,Global,fellowship,Equity investment; terms not verified.,"Historically stated as open to anyone regardless of age or location, with the only requirement being a full year of focus.",no,Historically an email to sabbatical@contrary.com plus a form. Unverified.,None stated historically; office space offered depending on city.,,Page state could not be read. Open it before spending drafting hours.,https://applications.contrary.com/apply-sabbatical
135,5.7,Tier 3,apply-later,Not started,ODF (On Deck Founders) - ODF28,,6  no cash,0,,,rolling,OPEN,"Global applicants; programme in San Francisco, US",fellowship,"Zero equity. Pay-what-you-can contribution, suggested $1000 USD covering venue, food and year-round community infrastructure.",Explicitly welcomes solo - page targets solo founders and pre-team builders; over half of ODF companies met their co-founder there.,no,"~2-4 hours. Process: apply, then optional async video, interview, optional 2nd interview, decision in ~36 hours.",Must attend the full five-business-day SF sprint in person. Visa letters available for the onboarding week. Page states ODF is most valuable if you plan to sell,,Low expected value. Revisit after public launch changes the traction answer.,https://form.fillout.com/t/x2fuWdEqkSus
136,5.69,Tier 3,apply-later,Not started,gBETA,,6  no cash,0,,,rolling,OPEN,United States (multiple cities) plus international programme,accelerator,"Free, no equity taken",Not addressed,no,Low; short application per market,City-specific; most gBETA markets expect a local presence,,Low expected value. Revisit after public launch changes the traction answer.,https://www.gener8tor.com/gbeta
137,5.67,Tier 3,verify-first,Not started,parallel18 (P18 international acceleration programme),$40K,4  $25-100K,40000,,,rolling,UNKNOWN,Puerto Rico (United States territory),accelerator,Equity-free grant,'Anyone who's over 18 years of age and has a startup ready to scale' - no team-size rule,no,3-5 hours estimated,'a C-level founder must be willing to come to Puerto Rico for the duration of the program',,Page state could not be read. Open it before spending drafting hours.,https://parallel18.com/p18/
138,5.61,Tier 3,verify-first,Not started,SOSV — Orbit Startups,$150K,3  $100-250K,150000,,,rolling,UNKNOWN,Ireland-HQ organisation; programme targets emerging and fron,accelerator,Equity; percentage not established.,Not stated.,no,Moderate.,"Targets Southeast and South Asia, the Middle East, Africa and Latin America. Work ""virtually or in-person"" — no forced relocation.",,Page state could not be read. Open it before spending drafting hours.,https://forms.sosv.com/apply/orbit-startups
139,5.58,Tier 3,apply-now,Not started,Sanabil Startup Unlocked by 500 Global (Batch 5),,6  no cash,0,2026-08-23,9,B  2-3 weeks,OPEN,Saudi Arabia / Riyadh,accelerator,None stated. No equity is mentioned anywhere on the programme pages.,Not stated on either the Aplica page or the 500.co bootcamp page. No team-size condition appears in the published eligibility.,no,Under 2 hours. Short form on the Aplica platform. No video requirement and no references stated.,"5-day in-person bootcamp in Riyadh. ""Built for startups looking to expand in Saudi Arabia."" Whether travel and accommodation are self-funded is NOT stated on ei",,Closes in 9 days on an open form. Forms are editable; file and refine.,https://sanabilstartupunlocked.aplica.500.co/
140,5.56,Tier 3,apply-later,Not started,AI Futures Fund,,6  no cash,0,,,rolling,OPEN,Global,non-dilutive scheme,"The core offer (model access, credits, hands-on Google DeepMind and Google Labs support) is non-dilutive. Equity investment is separately opt-in.",Not stated on the page,no,"~1-2 hours, single Google Form. No video or references stated.",None stated. A Brazil-specific partnership with Monashees exists separately.,,Low expected value. Revisit after public launch changes the traction answer.,https://docs.google.com/forms/d/e/1FAIpQLSeRxGtBtR5jvunlcVfgjd9M6xM6Glna7Kh3JvFQR1C0UgzG_Q/viewform?resourcekey=0-6bXfRbWW3dF9UCSBfeYHTw
141,5.53,Tier 3,apply-later,Not started,BITSoM VERTEX / Builders Pitch Fest 2026,,6  no cash,0,2026-09-06,23,C  1-6 weeks,OPEN,India / Mumbai,incubator,"Unresolved by design. FAQ: ""Does BITSoM Vertex take equity? Details on equity, if any, will be shared with selected startups."" Application itself is free: ""Applying to BITSoM Vertex is free.""","Conditionally solo-friendly, and the condition is met. FAQ: ""Can solo founders apply? All applicants must possess either Domain or Technical Expertise. If the f",no,Roughly 2-4 hours for the Stage 1 form on Hack2Skill. Free. No video or references stated on the portal. The real cost is the 5-week Online ,"Hybrid, and the in-person leg is MANDATORY: ""The Venture Sprint is online; the Pitch Fest (25 - 26 September) is in person in Mumbai; the 3-month incubation ble",,Low expected value. Revisit after public launch changes the traction answer.,https://hack2skill.com/event/bitsom-pitchfest2026/
142,5.53,Blocked,apply-now,Not started,"The Bridge Residency, San Francisco — Fall 2026",,6  no cash,0,2026-08-30,16,B  2-3 weeks,OPEN,US — San Francisco (route for Europe-based applicants),residency,EF SAFE; a Delaware C-Corp is formed during the programme,"EF evaluates individuals, not teams — solo application is the default. Team formation happens inside the programme.",no,~2-4 hours,Hacker House in the SF Bay Area; full housing and board provided; visa support offered,"Possible: positioned for 'young Europeans'. Verify whether an age band or a current-Europe-residence rule is actually published, since the f",Closes in 16 days on an open form. Forms are editable; file and refine.,https://apply.joinef.com/
143,5.51,Blocked,verify-first,Not started,SFC Capital,$317.5K,2  $250K-1M,317500,,,rolling,UNKNOWN,UK,non-dilutive scheme,"Equity, SEIS/EIS-compliant.",Not stated.,YES,~1–2h form plus deck.,"UK startups only — SFC deploys through SEIS and EIS funds, which are UK tax schemes.",,Page state could not be read. Open it before spending drafting hours.,https://sfccapital.com/raise
144,5.48,Tier 3,verify-first,Not started,AWS Generative AI Accelerator (GAIA),,6  no cash,0,,,rolling,UNKNOWN,"Global, hybrid, culminating in Las Vegas, USA",accelerator,Non-dilutive - AWS takes no equity,,no,Not determinable while the cycle status is unresolved,"NO GEOGRAPHIC BAR - THE KEY PHASE 1 UNKNOWN IS NOW ANSWERED. Verbatim FAQ: ""This is a global program and we accept applications from companies from most countri",,Page state could not be read. Open it before spending drafting hours.,https://startups.aws.com/programs/generative-ai
145,5.48,Tier 3,verify-first,Not started,Pax Momentum,$125K,3  $100-250K,125000,,,rolling,UNKNOWN,"Maryland, USA",accelerator,,,no,Unverified,"Maryland, USA",none identified,Page state could not be read. Open it before spending drafting hours.,https://incubatorlist.com/pax-momentum
146,5.48,Tier 3,apply-later,Not started,Deepgram Startup Program,,6  no cash,0,,,rolling,OPEN,Global,credits,Non-dilutive,No team-size requirement,no,~20 min. Requires a Deepgram console account and Project ID first.,,,Low expected value. Revisit after public launch changes the traction answer.,https://deepgram.com/startup-program
147,5.48,Tier 3,apply-later,Not started,Databricks for Startups,,6  no cash,0,,,rolling,OPEN,Global,credits,Non-dilutive,,no,~20 min form,,,Low expected value. Revisit after public launch changes the traction answer.,https://sites.google.com/databricks.com/startup-program-apply
148,5.48,Tier 3,apply-now,Not started,Gemini Startup Forum,,6  no cash,0,2026-08-28,14,B  2-3 weeks,OPEN,GLOBAL applicants — event in the Bay Area,non-dilutive scheme,Equity-free,Not addressed; selection is founder-level,no,~1 hour,Must attend two days in the Bay Area; open to founders from around the world,,Closes in 14 days on an open form. Forms are editable; file and refine.,https://startup.google.com/programs/forum/global/
149,5.45,Tier 3,apply-later,Not started,ODF28 (On Deck Founder Fellowship),,6  no cash,0,,,rolling,OPEN,"San Francisco, USA (applicants worldwide)",fellowship,"""This is a non-dilutive program"" - zero equity","Solo-friendly by design - over half of ODF companies met their co-founder there. Eligibility is individual: ""a track record of shipping impressive things"" and """,no,"1-2 hours. Short Fillout form, then an OPTIONAL async video, then interview, with decision in approximately 36 hours. No references required","One week in person in San Francisco; alumni community afterwards. ""Visa letters available for the onboarding week.""",,Low expected value. Revisit after public launch changes the traction answer.,https://form.fillout.com/t/x2fuWdEqkSus
150,5.43,Tier 3,apply-later,Not started,DigitalOcean Hatch,,6  no cash,0,,,rolling,OPEN,Global,credits,Non-dilutive,No team-size requirement published,no,"~20 min Typeform. No video. Needs a company website and a matching company email address, plus a registered DigitalOcean team account on a b",,,Low expected value. Revisit after public launch changes the traction answer.,https://sammydigitalocean.typeform.com/to/tZXAmt
151,5.41,Tier 3,apply-later,Not started,ODF Founder Fellowship (ODF28),,6  no cash,0,,,rolling,OPEN,"United States (San Francisco), applicants worldwide",fellowship,"No equity taken. Pay-what-you-can, suggested $1,000 USD, covering venue, food and year-round community infrastructure.",Effectively solo-preferred. The 'Not a fit' list includes 'You already have a team' — designed for pre-team founders.,no,"Application, optional async video, interview, optional second interview, decision in ~36 hours. Budget 2-3 hours plus a short video.",Must attend the full five-business-day SF sprint. 'We welcome applicants worldwide... Visa letters available for the onboarding week.',,Low expected value. Revisit after public launch changes the traction answer.,https://admissions.joinodf.com/
152,5.4,Tier 3,apply-later,Not started,Microsoft for Startups Founders Hub,,6  no cash,0,,,rolling,OPEN,Global,credits,Non-dilutive,"Reported as open to bootstrapped startups, solo founders and pre-revenue companies with no VC backing or accelerator membership needed - verify against the live",no,"~30 min self-serve. No video, no references.",,,Low expected value. Revisit after public launch changes the traction answer.,https://www.microsoft.com/en-us/startups
153,5.4,Blocked,apply-later,Not started,Venture Kick,$952K,2  $250K-1M,952000,,,rolling,OPEN,Switzerland,grant,"The first CHF 10,000 is a non-repayable grant with a moral pledge to repay on success. The CHF 40,000 and CHF 100,000 tranches are convertible loans converting at the next significant equity round.",Not restricted by team size,no,,You must plan to establish your company in Switzerland,Eligibility requires that you or a co-founder is currently or recently (within six months) affiliated with a Swiss academic institution or r,Low expected value. Revisit after public launch changes the traction answer.,https://www.venturekick.ch/getthekick
154,5.39,Tier 3,verify-first,Not started,New Future Ventures,$317.5K,2  $250K-1M,317500,,,rolling,UNKNOWN,United Kingdom,accelerator,,,no,Unverified,United Kingdom,none identified,Page state could not be read. Open it before spending drafting hours.,https://incubatorlist.com/new-future-ventures
155,5.36,Blocked,apply-later,Not started,Slush 100 (and Slush 2026 startup programme),,6  no cash,0,,,rolling,OPEN,"Finland (Helsinki), global applicants",founder community,"Equity-free prize. 'no strings attached, no reporting burden, no ties'.",Not stated. Company-level competition.,YES,Company profile plus startup application on the Slush Platform. Budget 2-3 hours.,Attendance in Helsinki required for the competition. Startup ticket €395.,,Low expected value. Revisit after public launch changes the traction answer.,https://slush.org/audience/startups/startups
156,5.33,Tier 3,apply-now,Not started,German Accelerator - Kickstart (Scaling Clarity and Global Expansion Strategy),,6  no cash,0,2026-08-31,17,B  2-3 weeks,OPEN,Germany (next cohort in Marburg); the programmes target inte,accelerator,Equity-free,,no,"Pitch deck plus written answers on vision, market fit and current growth stage",You need to be based in Germany. A German legal entity is described as beneficial but not required - EXIST-funded startups still forming a GmbH are explicitly w,,Closes in 17 days on an open form. Forms are editable; file and refine.,https://www.germanaccelerator.com/our-programs/kickstart
157,5.32,Tier 3,apply-later,Not started,The Collective (4-month residency) and The Validation Sprint,,6  no cash,0,,,rolling,OPEN,Finland (Helsinki),residency,"'It's free. No fees, no equity.'","Explicitly welcomes solo — 'You can come as an individual with an idea, or as a team already building.'",no,"Typeform, likely 1-2 hours.",Helsinki for the residency; the Validation Sprint is hybrid. No nationality or incorporation requirement stated.,,Low expected value. Revisit after public launch changes the traction answer.,https://kiuas.typeform.com/to/lH9EvcaO
158,5.32,Tier 3,apply-later,Not started,Founder Institute - Silicon Valley Fall 2026 (FI Agentic Program),,6  no cash,0,2026-09-08,25,C  1-6 weeks,OPEN,"Silicon Valley, USA - run 100% online",accelerator,"Entrance fee $1,199 early (from $1,649). Founder Institute historically takes a warrant; equity terms not stated on this page.",OPC directory records 'Solo ✓'. Page lists eligible applicants from 'Entrepreneur with just an idea/Aspiring Entrepreneur' through 'Later-Stage Entrepreneur (Se,no,Short form. Budget under 1h.,None. Page states 'Fully Virtual' and 'This program will be run 100% online'.,none identified,Low expected value. Revisit after public launch changes the traction answer.,https://fi.co/join
159,5.32,Tier 3,apply-later,Not started,PostHog for Startups,,6  no cash,0,,,rolling,OPEN,Global,credits,Non-dilutive,No team-size requirement published; third parties report pre-seed to Series A worldwide,no,~15 min. Requires a PostHog account first.,,,Low expected value. Revisit after public launch changes the traction answer.,https://posthog.com/startups/apply
160,5.31,Tier 3,verify-first,Not started,Founders Factory London — Accelerator,$38.1K,4  $25-100K,38100,,,rolling,UNKNOWN,UK — London,accelerator,4–6% (aggregator) — the smallest cheque and the smallest equity bite among UK accelerators.,Not stated on the page.,no,"~2h Typeform, then a call with an investment manager, then a committee pitch. Reported ~5% acceptance over a 1–2 month process.",London.,,Page state could not be read. Open it before spending drafting hours.,https://foundersfactorystartups.typeform.com/to/WlDiIsRh
161,5.31,Tier 3,apply-later,Not started,AWS Activate Credits (Founders / Portfolio / AI tier),,6  no cash,0,,,rolling,OPEN,Global,credits,"Non-dilutive, no equity",No team-size requirement published,no,"~30-45 min. No video, no references. Needs AWS Builder ID + an AWS account on a paid support tier.",,,Low expected value. Revisit after public launch changes the traction answer.,https://aws.amazon.com/startups/credits/
162,5.3,Blocked,apply-now,Not started,Techstars Founder Catalyst Global Fall 2026,,6  no cash,0,2026-08-21,7,A  this week,OPEN,Virtual (partner communities only),accelerator,No equity taken and no fee,"EXPLICITLY SOLO-FRIENDLY: ""This program is sector-agnostic and open to both solo founders and founding teams.""",no,Low - not applicable given the eligibility wall,"Virtual, delivered in English","GEOGRAPHIC ELIGIBILITY WALL, CONFIRMED VERBATIM. The programme is ""offered exclusively to founders from our partner communities in Istanbul,",Closes in 7 days on an open form. Forms are editable; file and refine.,https://www.techstars.com/techstars-founder-catalyst-global-fall-2026-program
163,5.3,Tier 3,verify-first,Not started,Mozilla Technology Fund,$50K,4  $25-100K,50000,,,rolling,UNKNOWN,Global,grant,Non-dilutive grant,Unknown - page unreadable,no,Unknown,Unknown - page unreadable,,Page state could not be read. Open it before spending drafting hours.,https://www.mozillafoundation.org/en/what-we-do/grantmaking/
164,5.28,Tier 3,apply-later,Not started,AI Fund - Build With Us,,6  no cash,0,,,rolling,OPEN,"Palo Alto, California, USA",incubator,"Venture studio model - co-founding, so equity is typically substantial. Verify before engaging.",Studio model built around co-founding with entrepreneurs - structurally suited to solo founders seeking a co-founder,no,Unverified,Not stated on the page,,Low expected value. Revisit after public launch changes the traction answer.,https://aifund.ai/
165,5.28,Tier 3,apply-later,Not started,XTC AI:360 Global Startup Competition 2026,,6  no cash,0,,,rolling,OPEN,"Global, with the final showcase in Palo Alto, California",grant,"Competition, non-dilutive",No team-size rule stated,no,2-4 hours estimated via F6S,None to apply. Winners present live at the AI:360 Summit in California in November 2026.,,Low expected value. Revisit after public launch changes the traction answer.,https://www.f6s.com/ai360xtc/apply
166,5.26,Blocked,verify-first,Not started,Enterprise Ireland — HPSU Feasibility Study Grant / Innovative HPSU Fund,$872K,2  $250K-1M,872000,,,rolling,UNKNOWN,Ireland,non-dilutive scheme,Equity — typically 10% for a €50K–€250K investment (aggregator).,Not stated.,YES,Very high — full HPSU business plan and investment committee process.,Ireland.,Applicant must already be an incorporated Irish small enterprise AND an existing Enterprise Ireland client. Neither is true and neither can ,Page state could not be read. Open it before spending drafting hours.,https://www.enterprise-ireland.com/en/supports/hpsu-feasibility-study-grant
167,5.25,Tier 3,apply-later,Not started,Forge Residency - Cohort 02 (Bali),,6  no cash,0,,,rolling,OPEN,"Indonesia (Ubud, Bali); Cohort 01 was Bengaluru, India",residency,"Zero. ""forge takes no money and no equity. we make nothing from you."" No application fee, no tuition. Housing, dinners, AI credits and domains covered.","Individuals and teams both. Cohort 01 was 13 founders across 8 teams, so solo entries were clearly accepted.",no,"~1 hour. Three questions, a paragraph each. Founder (adi) replies within a few days.","Live in the villa for the full residency. Cohort 01 required all 31 days on site: ""you live in the bangalore villa for the full 31 days... that is the point.""",,Low expected value. Revisit after public launch changes the traction answer.,https://forge.adihuman.ai/apply?cohort=2
168,5.25,Blocked,verify-first,Not started,Enterprise Ireland — Pre-Seed Start Fund (PSSF),$109K,3  $100-250K,109000,,,rolling,UNKNOWN,Ireland,non-dilutive scheme,Convertible loan converting to 2.5–5% equity at a future round (aggregator).,Not stated.,YES,"High: a full business plan, evidenced customer discovery, an export strategy and a working MVP. Aggregators say applicants should have ""3 to",Irish-incorporated company; business run from Ireland.,,Page state could not be read. Open it before spending drafting hours.,https://www.enterprise-ireland.com/en/supports/pre-seed-start-fund
169,5.25,Tier 3,apply-later,Not started,Startup School,,6  no cash,0,,,rolling,OPEN,Global,founder community,"""There is no application, no equity, no cost""",Open to anyone including solo and aspiring founders; co-founder matching is offered as a feature,no,None - signup only,None - fully online,,Low expected value. Revisit after public launch changes the traction answer.,https://www.startupschool.org/
170,5.25,Tier 3,apply-later,Not started,AssemblyAI Startup Program,,6  no cash,0,,,rolling,OPEN,Global,credits,Non-dilutive,'Bootstrapped teams welcome too',no,~20 min via dashboard signup,,,Low expected value. Revisit after public launch changes the traction answer.,https://www.assemblyai.com/startup-program
171,5.24,Tier 3,apply-later,Not started,Neon Startup Program,,6  no cash,0,,,rolling,OPEN,Global,credits,Non-dilutive,No team-size requirement published,no,"~10 min. Asks name, company email, company website, primary investor or accelerator.",,,Low expected value. Revisit after public launch changes the traction answer.,https://neon.com/startups
172,5.23,Tier 3,verify-first,Not started,Startup Wise Guys - The Founders Club,$70.8K,4  $25-100K,70850,2026-11-02,80,D  1-3 months,UNKNOWN,"Europe, online",accelerator,Equity-based for the flagship; Founders Club terms not stated,,no,Unverified,3-month online programme,none identified,Page state could not be read. Open it before spending drafting hours.,https://startupwiseguys.com/all-programs/the-founders-club/
173,5.22,Tier 3,verify-first,Not started,Zinc Venture Builder,$190.5K,3  $100-250K,190500,,,rolling,UNKNOWN,United Kingdom (London),incubator,Equity investment in the newly formed company. Terms unverified.,Individual-first: participants are selected as individuals and find co-founders inside the programme.,no,Unverified.,Relocation to London for up to a year. Zinc endorses the UK Start-up/Innovator visa — a second UK immigration route alongside GEP.,,Page state could not be read. Open it before spending drafting hours.,https://zinc.vc/
174,5.19,Tier 3,apply-later,Not started,Shuttleworth Foundation Fellowship,,6  no cash,0,2026-11-01,79,D  1-3 months,OPEN,Global,fellowship,"Non-dilutive; fellowship plus matched project funding, no equity",Fellowships are awarded to individuals - the model is explicitly one person with one idea,no,"~4-8 hours. Requires a completed form, a 5-minute video, and a resume.",None stated; fellows work from anywhere,,Low expected value. Revisit after public launch changes the traction answer.,https://www.shuttleworthfoundation.org/funding/fellowship-programme/
175,5.19,Tier 3,apply-later,Not started,UK Global Entrepreneur Programme (GEP),,6  no cash,0,,,rolling,OPEN,United Kingdom (relocation of HQ or R&D presence),non-dilutive scheme,None. No equity taken.,"Not stated. The programme evaluates the business and its mobility, not team size.",no,Not verified — entry is via a qualification conversation rather than a public form. Budget a discovery call plus supporting materials.,"Must intend to establish a UK HQ or R&D presence. Provides endorsement under the Innovator Founder Visa, giving three years' leave to remain.",,Low expected value. Revisit after public launch changes the traction answer.,https://www.business.gov.uk/campaign/gep/
176,5.18,Tier 3,apply-later,Not started,Open Intelligence Foundation Builder Grants,$10K,5  under $25K,10000,,,rolling,OPEN,Global,grant,"'No equity, no control, no board seats.' No reporting requirements.",Explicitly for independent builders: 'No big lab backing required. No VC strings attached.',no,"Under 1 hour. Share links to your work (X, LinkedIn, GitHub), state what you need and approximate cost. No video, no references.",None. Aimed at independent AI builders worldwide.,,Low expected value. Revisit after public launch changes the traction answer.,https://openintelligencefoundation.ai/
177,5.17,Tier 3,apply-later,Not started,The Network School,,6  no cash,0,,,rolling,OPEN,"Malaysia (Forest City, near Singapore)",founder community,"No equity. Rent is $1,000/month with roommates or $2,000/month solo, plus flights and food. Daily and weekly rates available.","Individuals apply. Explicitly welcomes ""Founders, engineers, designers, and investors"" as one of three target groups.",no,"~30-60 minutes. Short application, no interview for standard membership. Decision in 1-2 weeks.","Forest City, Malaysia. Most nationalities get 90 days visa-free entry to Malaysia; nearest airports are Singapore Changi and Senai (JHB).",,Low expected value. Revisit after public launch changes the traction answer.,https://ns.com/apply
178,5.17,Tier 3,apply-later,Not started,Build Club,,6  no cash,0,,,rolling,OPEN,"Global - chapters in Sydney, Melbourne, Brisbane, Perth, Ade",founder community,"Free. ""Free AI Learning Ecosystem for All.""","Explicitly solo-friendly - one of the four named audiences is ""Solopreneurs"", and the Melbourne residency was described as designed ""to empower solo founders as",no,Minutes for the free campus; a short form for a residency.,"None for the online campus. Residencies are city-specific (Sydney, Melbourne).",,Low expected value. Revisit after public launch changes the traction answer.,https://campus.buildclub.ai/
179,5.17,Tier 3,apply-later,Not started,Hampton,$8.5K,5  under $25K,8500,,,rolling,OPEN,United States and international chapter cities,founder community,None. Membership dues only.,Not stated. Membership is individual.,no,"Application, interview, community veto, founder sign-off.",'You must live within one of our Chapter Cities.',"Revenue or funding threshold. 'Your current business(es) must be generating >$3M in revenue, OR you must have raised >$3M in venture capital",Low expected value. Revisit after public launch changes the traction answer.,https://www.joinhampton.com/faq
180,5.16,Blocked,apply-later,Not started,NVIDIA Inception,,6  no cash,0,,,rolling,OPEN,Global (US-headquartered),credits,"""Inception is free. The program doesn't have application fees, membership fees, or equity requirements."" Fully non-dilutive.",Not stated; membership is company-level,YES,Under 1 hour. Membership form at programs.nvidia.com/phoenix/application requiring business details and a pitch deck.,None stated - global,,Low expected value. Revisit after public launch changes the traction answer.,https://programs.nvidia.com/phoenix/application
181,5.16,Tier 3,apply-later,Not started,MongoDB for Startups,,6  no cash,0,,,rolling,OPEN,Global,credits,Non-dilutive,No team-size requirement published,no,~20 min. Needs an active company website and LinkedIn profile.,,,Low expected value. Revisit after public launch changes the traction answer.,https://www.mongodb.com/solutions/startups
182,5.16,Tier 3,apply-later,Not started,B2B Accelerator,,6  no cash,0,,,rolling,OPEN,"North America — Toronto, NYC, San Francisco; remote-friendly",accelerator,Not published on this page,Not addressed,no,~1 hour pitch form,"'We are happy to work with founders remotely, wherever they may reside' — offices in three cities, visits encouraged",,Low expected value. Revisit after public launch changes the traction answer.,https://www.forumvc.com/accelerator
183,5.15,Tier 3,apply-later,Not started,OVHcloud Startup Program,,6  no cash,0,,,rolling,OPEN,"Europe-first, global availability",credits,"Non-dilutive, 'zero equity taken'",Not stated on the landing page,no,~30 min. Account creation required at startup.ovhcloud.com/en/login/,None stated - 'thousands of startups and scaleups from across the globe' participate; EU data residency is the selling point,,Low expected value. Revisit after public launch changes the traction answer.,https://startup.ovhcloud.com/en/login/
184,5.14,Blocked,verify-first,Not started,Royal Academy of Engineering — Enterprise Fellowships,$95.2K,4  $25-100K,95250,2026-08-25,11,B  2-3 weeks,UNKNOWN,UK and Ireland,fellowship,NON-DILUTIVE grant. No equity.,Individual fellowship — you must be CEO for the duration. Solo is entirely normal here.,no,High — two-stage application with a technical and commercial case.,"HARD: ""You must be currently based in the UK or Ireland."" Rohit is in Bangalore.",Applicant must be currently based in the UK or Ireland. The founder is in Bangalore with no UK/Ireland residence.,Page state could not be read. Open it before spending drafting hours.,https://enterprisehub.raeng.org.uk/programmes/enterprise-fellowships/
185,5.1,Tier 3,apply-now,Not started,Barclays Eagle Labs — Funding Readiness Programme,,6  no cash,0,2026-08-31,17,B  2-3 weeks,OPEN,UK,non-dilutive scheme,None — equity-free and free to participate.,Not stated. No team requirement published.,no,"~1h, but you must first join the Eagle Labs Community platform to apply — an account-creation step, not just a form.",UK businesses. Mix of virtual and in-person.,,Closes in 17 days on an open form. Forms are editable; file and refine.,https://labs.uk.barclays/what-we-offer/our-programmes/eagle-labs-funding-readiness-programme/
186,5.08,Tier 3,apply-later,Not started,Plug and Play Tech Center,,6  no cash,0,,,rolling,OPEN,"Sunnyvale, California and 60+ global locations including Ind",accelerator,Not published; many corporate-innovation tracks are historically equity-free,,no,Under 1 hour. A short multi-step contact form with a startup path. No video or references.,"Varies. Silicon Valley HQ plus offices worldwide including India, which sidesteps relocation entirely.",,Low expected value. Revisit after public launch changes the traction answer.,https://www.plugandplaytechcenter.com/contact
187,5.08,Tier 3,apply-later,Not started,Sentry for Startups,,6  no cash,0,,,rolling,OPEN,Global,credits,Non-dilutive,No team-size requirement published,no,"~10 min form. No video, no references. One of the fastest filings in the lane.",None - open worldwide,,Low expected value. Revisit after public launch changes the traction answer.,https://sentry.io/for/startups/apply/
188,5.07,Blocked,verify-first,Not started,NRC IRAP,$200K,3  $100-250K,200000,,,rolling,UNKNOWN,Canada,non-dilutive scheme,Non-dilutive grant,Not a published constraint; IRAP does require employees,YES,Heavy - relationship-led through an assigned Industrial Technology Advisor,Canada,"""your business must... be incorporated in Canada as a for-profit corporation incorporated under federal or provincial law"". A Canadian entit",Page state could not be read. Open it before spending drafting hours.,https://nrc.canada.ca/en/support-technology-innovation
189,5.07,Tier 3,apply-now,Not started,Global FinTech Hackcelerator 2026,,6  no cash,0,2026-08-21,7,A  this week,OPEN,GLOBAL applicants — finals in Singapore,non-dilutive scheme,Free to apply; 'finalists will benefit from the full programme without equity dilution',Not addressed,no,"~3-4 hours — registration form, then pitch deck, written proposal and a short demo video",Open to global applicants; attendance in Singapore mandatory for finalists during the programme week and Demo Day,,Closes in 7 days on an open form. Forms are editable; file and refine.,https://www.fintechfestival.sg/global-fintech-hackcelerator
190,5.05,Tier 3,apply-later,Not started,Claude for Startups,,6  no cash,0,,,rolling,OPEN,Global (US-headquartered); community meetups in six cities,credits,Non-dilutive,Not stated - eligibility is company-level,no,"Approximately two minutes for the community route. Requires a Claude Console account (the API console, not the chat app) and a company email",None; in-person community events in six cities,,Low expected value. Revisit after public launch changes the traction answer.,https://claude.com/programs/startups
191,5.05,Tier 3,apply-later,Not started,Alchemist Accelerator — Flagship Program,,6  no cash,0,,,rolling,OPEN,"United States (Silicon Valley); also runs Chicago, Doha and ",accelerator,Not published on the fetched pages,Not addressed on the fetched pages,no,,Hybrid per aggregator listings,,Low expected value. Revisit after public launch changes the traction answer.,https://alchemistaccelerator.com/apply
192,5.05,Tier 3,apply-later,Not started,Antler ONE Residency (Continental Europe),,6  no cash,0,,,rolling,OPEN,"Germany (Berlin hub), with launch pads in Munich and Amsterd",residency,Equity investment; the percentage is not published on the page,"Explicitly welcomes solo founders: solo founders or incomplete teams join for around ten weeks, using the early phase to shape direction and founder dynamics wh",no,Roughly 30 to 60 minutes; a short form plus an optional pitch deck upload with a 10MB limit. No video required.,In person. Complete teams join for around six weeks; teams based in Munich or Amsterdam typically join the community physically in Berlin for two weeks first. A,,Low expected value. Revisit after public launch changes the traction answer.,https://www.antler.co/apply
193,5.04,Blocked,apply-later,Not started,EIC Accelerator Open 2026,,6  no cash,0,,,rolling,OPEN,European Union and Horizon Europe associated countries,grant,Grant component is non-dilutive; the investment component is optional and separately negotiated,"Not addressed — the applicant is the company or the natural person, not a team",no,"Very high. Short proposal first, then a 20-page form, pitch deck PDF, implementation plan, financial information, Letters of Intent, Freedom","Applicants must be from EU Member States or Horizon Europe associated countries. This is a residency and establishment gate, not merely a preference.",Establishment in an EU Member State or Horizon Europe associated country is required. The founder is currently in Bangalore with no EU entit,Low expected value. Revisit after public launch changes the traction answer.,https://eic.ec.europa.eu/eic-funding-opportunities/eic-accelerator_en
194,5.02,Tier 3,apply-later,Not started,Sentient Foundation Open Source AGI Grant Programme,,6  no cash,0,,,rolling,OPEN,Global,grant,Public-goods track is fully non-dilutive: 'No equity. No lockups. No claim on your work.' A second company track offers 'founder-friendly terms' for open-AI companies.,"Aimed at individual developers and maintainers. The page's own framing names 'a developer in Lagos, Bangalore, or Sao Paulo'.",no,"2-4 hours estimated. Two tracks, one application.",None. Explicitly global and explicitly names Bangalore.,,Low expected value. Revisit after public launch changes the traction answer.,https://sentient.foundation/grants
195,5.02,Tier 3,apply-later,Not started,Convergent Research FRO idea submission,,6  no cash,0,,,rolling,OPEN,Global,grant,Non-dilutive. FROs are non-profit research organisations.,Individual proposers welcome,no,A few-page proposal. 'Our team initially evaluates incoming few-page proposals at a high level'.,,,Low expected value. Revisit after public launch changes the traction answer.,https://www.convergentresearch.org/get-involved
196,5.01,Tier 3,apply-later,Not started,Cerebral Valley AI Summit,,6  no cash,0,,,rolling,OPEN,"San Francisco, USA",founder community,,Individual attendance - team size is irrelevant here,no,Under 30 minutes - an application to attend.,San Francisco for the summit,,Low expected value. Revisit after public launch changes the traction answer.,https://reg.newcomer.events/cvai8/start
197,5.01,Blocked,verify-first,Not started,Neo Scholars,$40K,4  $25-100K,40000,,,rolling,UNKNOWN,United States,fellowship,None. Equity-free.,Individual scholarship.,no,Not applicable.,San Francisco summer residency.,Enrolment status. 'Applicants must be current undergraduates at a US university studying computer science or a closely related field.' This ,Page state could not be read. Open it before spending drafting hours.,https://neo.com/scholars
198,5.0,Tier 3,apply-now,Not started,Founder Institute — Nordics Fall 2026,,6  no cash,0,2026-09-01,18,B  2-3 weeks,OPEN,"Nordics (Stockholm-led, hybrid)",accelerator,Paid: 'Early Entrance Fee $799' (regular $1299). FI historically also takes a small equity/warrant stake — verify in phase 2.,Built for individual founders; the form's stage options run from 'Entrepreneur with just an idea/Aspiring Entrepreneur' upward.,no,~1-2 hours.,"Hybrid, Nordics-based sessions. Verify whether the in-person requirement can be met remotely from Bangalore.",,Closes in 18 days on an open form. Forms are editable; file and refine.,https://fi.co/join
199,5.0,Tier 3,apply-later,Not started,SPC Member Residency,,6  no cash,0,,,rolling,OPEN,"US (San Francisco, New York City) + India (Bengaluru)",residency,"Zero equity. SPC blog: ""There is no cost, no right to invest, and no requirement that you're starting a company."" The SPC Fund has no right to invest in anything you start.",Solo-friendly. Explicitly for individual technologists; co-founders apply separately. Many members find co-founders inside the community.,no,~2-3 hours; written application then interview if shortlisted. No video required per published process.,"Must be located in and physically attend SF, NYC or Bangalore. FAQ: ""Members are expected to come into SPC throughout the week, which usually means that folks n",,Low expected value. Revisit after public launch changes the traction answer.,https://www.southparkcommons.com/apply/application
200,5.0,Tier 3,apply-later,Not started,EIC Accelerator 2026 — Open call (HORIZON-EIC-2026-ACCELERATOR-01),,6  no cash,0,,,rolling,OPEN,EU-level (EU Member States + Horizon Europe Associated Count,grant,Grant component is fully non-dilutive. Equity component is optional and can be declined (grant-only route).,"No published team-size rule. Work programme explicitly contemplates ""one or more natural persons (including individual entrepreneurs)"" as applicants, which acco",no,High. Short proposal = 12-page form + pitch deck + video pitch. Full proposal = 20-page form. Realistically 40-80 hours for a first-time app,"Establishment in an EU Member State or Horizon Europe Associated Country is required at grant signature, NOT at short-proposal submission. India is a non-associ",null - no hard legal or eligibility wall found for submitting a short proposal.,Low expected value. Revisit after public launch changes the traction answer.,https://ec.europa.eu/info/funding-tenders/opportunities/portal/screen/opportunities/topic-details/HORIZON-EIC-2026-ACCELERATOR-01
201,5.0,Tier 3,apply-later,Not started,Founders Foundation Startup School,,6  no cash,0,2026-09-20,37,C  1-6 weeks,OPEN,"Germany (Bielefeld, Ostwestfalen-Lippe)",incubator,"The page states costs of 0 EUR, and the organisation's stated principle is no equity, people first","Explicitly open to individuals: single talents with an entrepreneurial mindset are listed as a target alongside teams, and the programme is aimed partly at peop",no,"Short online form covering motivation, background and any business idea, then an online motivation conversation. No video, no references.","Hybrid - most sessions online, with the kick-off and final Pitch Day in person in Bielefeld",,Low expected value. Revisit after public launch changes the traction answer.,https://foundersfoundation.de/gruenden-in-owl/startup-school/
202,4.99,Tier 4,apply-later,Not started,Founders Pledge,,6  no cash,0,,,rolling,OPEN,"Global - 2,200+ members across 45-49 countries",founder community,"No equity taken and no membership fees. The commitment runs the other way: you pledge a meaningful percentage, minimum 5%, of your personal proceeds on liquidity, or of current wealth if already liquid.",Not gated,no,Minutes to pledge; the commitment itself is the substantive decision.,None. Global community with flagship bi-annual events plus dinners and meet-ups worldwide.,,Low expected value. Revisit after public launch changes the traction answer.,https://www.founderspledge.com/why-join
203,4.99,Tier 4,apply-later,Not started,Accel Atoms,,6  no cash,0,,,rolling,OPEN,India-origin founders building from anywhere (global),accelerator,not stated on page,Not stated on the page,no,"Unverified - apply portal returned 403 to fetch, needs a browser","'Indian & Indian-origin founders building from anywhere' - the phrasing points to founder origin, not company domicile","none identified, but see notes - an Indian-entity requirement would be one",Low expected value. Revisit after public launch changes the traction answer.,https://apply.accel-atoms.com/
204,4.98,Tier 4,apply-later,Not started,Retool for Startups,,6  no cash,0,,,rolling,OPEN,Global,credits,Non-dilutive,No team-size requirement,no,~15 min form at https://share.hsforms.com/2H3PWbX5wQ9Wq_i3-P_wmZw4k765,,,Low expected value. Revisit after public launch changes the traction answer.,https://retool.com/startups
205,4.98,Tier 4,apply-later,Not started,Stripe Atlas,$500,5  under $25K,500,,,rolling,OPEN,"Global (Delaware incorporation, founders in 140+ countries)",non-dilutive scheme,Non-dilutive,Solo founders are a core Atlas use case,no,"~1 hour. Delaware C-corp formation, EIN handling, registered agent, 83(b) filing.",'Startups in over 140 countries have chosen Atlas to start their business' - India-resident founders are served,,Low expected value. Revisit after public launch changes the traction answer.,https://dashboard.stripe.com/register/atlas
206,4.98,Tier 4,apply-now,Not started,AI-BOOST — AI Challenge Competition (Challenges 1-4),,6  no cash,0,2026-08-25,11,B  2-3 weeks,OPEN,"EU Member States, Overseas Countries and Territories, and Ho",grant,"Prize money, fully non-dilutive.","Explicitly open to individuals: ""Applications may be submitted by individuals, single legal entities, or teams/consortia from academia and industry."" A solo fou",no,"Low for Spark Phase — a concept note, perhaps 10-20 hours. Advance Phase is a five-month build commitment.","Applicants must be established in an EU Member State, Overseas Countries and Territories, or eligible Associated Countries. Projects must be civil-application o","Scope, not eligibility. All four challenges are narrow and owner-defined: GenAI natural-language mission generator for agricultural robots (",Closes in 11 days on an open form. Forms are editable; file and refine.,https://www.f6s.com/ai-challenge-competition/
207,4.97,Blocked,apply-now,Not started,Techstars Founder Catalyst,,6  no cash,0,2026-08-21,7,A  this week,OPEN,Varies by cohort. Currently-open cohorts restricted to Istan,non-dilutive scheme,"Zero. ""There is no equity exchange in Founder Catalyst programs"" and ""This is your entry point into the Techstars network without giving up equity, relocating, or paying a cent.""","Explicitly welcomes solo. ""This program is sector-agnostic and open to both solo founders and founding teams.""",no,~2-3 hours. 8-12 hours per week commitment if accepted.,"100% virtual for the Global programme - ""no relocation or travel required."" But eligibility is geographically gated to named partner communities.","Geographic eligibility. The Global Fall 2026 page states ""Must be currently building in or from Omaha, Sarajevo, Istanbul, Uzbekistan, or Be",Closes in 7 days on an open form. Forms are editable; file and refine.,https://www.techstars.com/founder-catalyst
208,4.97,Blocked,apply-later,Not started,Baseten AI Startup Program,,6  no cash,0,,,rolling,OPEN,Global,credits,Non-dilutive,No team-size requirement published,no,~20 min form,,Stated criteria are 'Seed to Series A and you started less than 5 years ago' plus AI central to core product and net-new customer. The fundi,Low expected value. Revisit after public launch changes the traction answer.,https://www.baseten.co/talk-to-us/startup-program/
209,4.96,Tier 4,apply-now,Not started,Slush Startup Stage,,6  no cash,0,2026-08-31,17,B  2-3 weeks,OPEN,"Finland (Helsinki), global entry",founder community,None.,No team-size requirement published.,no,"Typeform, likely 1-2 hours.",Helsinki attendance for the slot.,,Closes in 17 days on an open form. Forms are editable; file and refine.,https://slush.typeform.com/to/ZZtRWeVd
210,4.96,Tier 4,apply-later,Not started,Soma Fellows,,6  no cash,0,,,rolling,OPEN,Global / remote (US-based fund),fellowship,Uncapped - no percentage stated,,no,Under 1 hour estimated; the form is short.,None stated. Office space offered in SF or NY but not mandated.,,Low expected value. Revisit after public launch changes the traction answer.,https://programs.somacap.com/fellows
211,4.96,Tier 4,apply-later,Not started,STATION F Fighters Program,,6  no cash,0,2026-10-18,65,D  1-3 months,OPEN,France (Paris),accelerator,Free; no equity stated,No team-size rule published,no,Roughly 2 to 3 hours,Round 1 hybrid; Round 2 states on-site presence is required to benefit fully. Language listed as French only.,,Low expected value. Revisit after public launch changes the traction answer.,https://form.fillout.com/t/198QRiJFRReu
212,4.96,Tier 4,apply-later,Not started,Upekkha — next cohort,,6  no cash,0,2026-09-06,23,C  1-6 weeks,OPEN,India (with an SF immersion week); accepts global applicants,accelerator,"2–4% baseline equity, plus a milestone success fee payable in equity or cash",Not explicitly addressed,no,"~1-2 hours, Airtable form",Not explicitly gated; SF immersion week,,Low expected value. Revisit after public launch changes the traction answer.,https://airtable.com/appFjp1F5EUvmDXNK/shrlaGyNjywEheAO8
213,4.95,Tier 4,apply-now,Not started,Entrepreneur First - The Bridge Residency (Fall 2026) and XF2 Experienced Founders (London),,6  no cash,0,2026-08-30,16,B  2-3 weeks,OPEN,US (San Francisco Bay Area) for The Bridge; UK (London) for ,residency,Not published for The Bridge Residency specifically. XF2 terms not published.,"Solo-first - participants arrive ""pre-team, pre-idea"".",no,~3-5 hours plus interviews,"The Bridge: live in a dedicated Hacker House in the Bay Area for eight weeks; EF provides housing, board and visa support. XF2: London.",,Closes in 16 days on an open form. Forms are editable; file and refine.,https://apply.joinef.com/
214,4.95,Tier 4,verify-first,Not started,Halcyon Fellowship,$25K,4  $25-100K,25000,,,rolling,UNKNOWN,"United States (Washington DC), global applicants",fellowship,Non-dilutive; Halcyon historically takes no equity.,Individual fellowship; solo is normal.,no,Unverified.,Residential in Washington DC for the incubator track — requires US entry and relocation.,,Page state could not be read. Open it before spending drafting hours.,https://halcyonhouse.org/
215,4.94,Tier 4,verify-first,Not started,New Frontiers,$43.6K,4  $25-100K,43600,,,rolling,UNKNOWN,"Ireland — national, multiple delivery locations",incubator,"EQUITY-FREE — ""the New Frontiers programme does not take equity in your business"".","Aimed at individual founders — explicitly for people ""new to business"" or with ""experience in a completely different industry"". Solo-friendly by design.",no,Moderate — application form plus an in-person interview at the delivery location.,"HARD: ""You must be over 18 years old and based in, and intend to run your business in, Ireland"" (secondary summary of the eligibility page — verify).",,Page state could not be read. Open it before spending drafting hours.,https://www.newfrontiers.ie/
216,4.94,Tier 4,apply-later,Not started,AI for Science & Safety Nodes grants,,6  no cash,0,,,rolling,OPEN,Global,grant,Non-dilutive grant,Not stated on the index page; Foresight routinely funds individuals,no,Unknown - form not opened during discovery,,,Low expected value. Revisit after public launch changes the traction answer.,https://foresight.org/grants/grants-ai-for-science-safety/
217,4.94,Tier 4,apply-later,Not started,NOVO Agrifoodtech,,6  no cash,0,2026-09-30,47,D  1-3 months,OPEN,"Europe — Bilbao, Spain; international startups",accelerator,'Participation is 100% equity-free.',Not addressed,no,Not established,Hybrid — online mentoring plus two in-person bootcamps in Bilbao; ten international startups selected,,Low expected value. Revisit after public launch changes the traction answer.,https://novoagrifoodtech.com/
218,4.92,Tier 4,apply-later,Not started,Notion for Startups,,6  no cash,0,,,rolling,OPEN,Global,credits,Non-dilutive,Explicitly accommodates very small teams - the 1-month tier is defined for organisations 'under 10 employees',no,~10 min,,,Low expected value. Revisit after public launch changes the traction answer.,https://www.notion.so/startups-apply
219,4.92,Tier 4,apply-later,Not started,Render Startup / Migration Credits,,6  no cash,0,,,rolling,OPEN,Global,credits,Non-dilutive,,no,~15 min,,,Low expected value. Revisit after public launch changes the traction answer.,https://render.com/migration-credits
220,4.92,Tier 4,apply-later,Not started,Claude Startups Program,,6  no cash,0,,,rolling,OPEN,Global,credits,Non-dilutive,'Any early-stage founder or startup building with Claude can join the Startups program',no,"Under 1 hour. Needs a Claude Console account, company email, website and a short description.",,,Low expected value. Revisit after public launch changes the traction answer.,https://claude.com/programs/startups
221,4.91,Tier 4,apply-later,Not started,Edge City India 2026 (Goa),,6  no cash,0,,,rolling,OPEN,"India (Mandrem, North Goa)",founder community,No equity. Ticket purchase required after acceptance; Indian citizens receive a discount. Scholarship option available - select scholarship in the application and submit a 60-second video.,Not a founder-selection programme; individuals attend and many come solo.,no,~30-60 minutes for the attend application; the scholarship route adds a 60-second video.,"Mandrem, North Goa, India. Founder is Bangalore-based - domestic travel only.",,Low expected value. Revisit after public launch changes the traction answer.,https://www.edgecity.live/india26
222,4.91,Tier 4,apply-later,Not started,Forge Founder Residency — Cohort 02 (Lisbon) and Cohort 03 (Goa),,6  no cash,0,,,rolling,OPEN,"Portugal (Lisbon, September 2026) and India (Mandrem, Goa, O",residency,"'no equity, no programme fee, no hidden trade'",Individual-selected — 'we analyse each builder individually'. Solo is the norm.,no,"Three questions, a paragraph each. Lowest-effort credible application in this lane. Adi replies within a few days.","Live on site for the full residency. Goa is in India, so no visa problem for this founder; Lisbon needs Schengen.",,Low expected value. Revisit after public launch changes the traction answer.,https://www.forgeresidency.com/
223,4.91,Blocked,apply-now,Not started,CoSTAR Emerge-AI,$6.3K,5  under $25K,6350,2026-08-18,4,A  this week,OPEN,UK,accelerator,'No equity taken and no application fees — a genuinely risk-free opportunity',Requires 'a minimum of two people engaged',YES,Not established,Team based in the UK; all project activity carried out in the UK,'All applicants must be a UK-registered UK business of a minimum of two people engaged' — an entity wall AND a two-person wall AND a UK-oper,Closes in 4 days on an open form. Forms are editable; file and refine.,https://www.costarnetwork.co.uk/calls/emerge-AI
224,4.9,Blocked,apply-later,Not started,Datadog for Startups,,6  no cash,0,,,rolling,OPEN,Global,credits,Non-dilutive,No team-size requirement published,no,"~20 min, but the partner dropdown is mandatory",,"'All applicants must come through one of our referral partners' - a VC firm, accelerator or listed startup-programme partner. Criteria are S",Low expected value. Revisit after public launch changes the traction answer.,https://www.datadoghq.com/startups/
225,4.88,Tier 4,apply-later,Not started,GründerAcademy,,6  no cash,0,,,rolling,OPEN,"Norway (Oslo, Bergen, Stavanger, Kristiansand)",accelerator,Free. TheFactory invests separately through its funds.,Not stated.,no,Unknown — no reachable form. The route in is the SpareBank 1 Sør-Norge partner page.,"'The program targeting Norwegian startups within fintech, proptech, retail, saas/business, and impact'. Stated as a target, not published as an eligibility rule",,Low expected value. Revisit after public launch changes the traction answer.,https://www.thefactory.no/grunderacademy
226,4.88,Tier 4,apply-later,Not started,Upsurge Grants,$2K,5  under $25K,2000,,,rolling,OPEN,Global,grant,'No equity.',"Explicitly welcomes solo: 'If you're solo, indie, maybe working out of your bedroom; perfect.'",no,Under 1 hour,,,Low expected value. Revisit after public launch changes the traction answer.,https://grants.upsurge.io/
227,4.86,Tier 4,apply-now,Not started,AceON Accelerator Batch #6,,6  no cash,0,2026-09-03,20,B  2-3 weeks,OPEN,"Europe — CEE-based, fully online",accelerator,Free programme; investment terms not published,Not addressed; industry-agnostic and accepts idea-stage,no,~1 hour online application,"'Fully online, with evening lectures' — no relocation",,Closes in 20 days on an open form. Forms are editable; file and refine.,https://www.aceon.io/program
228,4.85,Tier 4,apply-later,Not started,"Entrepreneur First XF2 — Experienced Founders Program, London",,6  no cash,0,,,rolling,OPEN,United Kingdom (London),accelerator,Not stated on the portal for XF2.,"Explicitly solo. 'EF assesses all applicants as individuals, before they have a business, cofounder or an idea.' Portal FAQ confirms 'you do not need a cofounde",no,"Roughly a 10-12 question form, then three interview rounds, decided in 4-8 weeks. Budget 3-5 hours across the process.",'The programs below are full-time and in person.' Relocation to London required; remote-only is not an option. EF states it will help secure a visa for applican,,Low expected value. Revisit after public launch changes the traction answer.,https://apply.joinef.com/
229,4.85,Blocked,apply-later,Not started,Digital Catapult — Applied AI Growth Sprints,,6  no cash,0,,,rolling,OPEN,UK,non-dilutive scheme,NON-DILUTIVE. Innovate UK funded.,Not stated.,YES,Unknown; likely a moderate written application.,UK AI companies.,,Low expected value. Revisit after public launch changes the traction answer.,https://www.digicatapult.org.uk/apply/opportunities/opportunity/applied-ai-growth-sprints/
230,4.84,Tier 4,apply-later,Not started,FI Agentic Program,,6  no cash,0,,,rolling,OPEN,"GLOBAL — 200+ cities, 100+ countries, virtual in-time-zone",accelerator,"Founder Institute historically takes equity via a warrant plus course fees — CURRENT TERMS MUST BE VERIFIED, this is where the real cost sits","Explicitly inclusive: 'designed for founders and teams all throughout the pre-seed stage, including aspiring founders with a full-time job, solo founders, teams",no,~1 hour,None — virtual programmes cover every region in-time-zone with local mentors,,Low expected value. Revisit after public launch changes the traction answer.,https://fi.co/apply
231,4.82,Tier 4,verify-first,Not started,Hook,$54.5K,4  $25-100K,54500,,,rolling,UNKNOWN,France (Paris),accelerator,Not published,"Explicitly individual-friendly: 'You can apply as an individual, or as a startup.'",no,,Paris,,Page state could not be read. Open it before spending drafting hours.,https://hook.vc/
232,4.81,Tier 4,apply-later,Not started,Antler Australia / New Zealand Residency,,6  no cash,0,,,rolling,OPEN,"Australia (Sydney, Melbourne, Brisbane)",residency,Not published for ANZ on the pages read.,"THE MOST EXPLICIT SOLO EXCLUSION FOUND ANYWHERE IN THIS SWEEP, and it is Antler's own wording, not an aggregator's: ""We don't invest in solo founders."" The page",no,Antler standard application.,"Full-time in-person in Australia. VISA QUESTION UNRESOLVED AT SOURCE: the Australia location page publishes nothing on visas, work rights, sponsorship or citize",,Low expected value. Revisit after public launch changes the traction answer.,https://www.antler.co/location/australia
233,4.79,Tier 4,apply-later,Not started,Founder Institute,,6  no cash,0,,,rolling,OPEN,"Global - 200+ cities across 95 countries, including Bangalor",incubator,Founder Institute historically charges course fees and takes equity via a warrant/equity-pool structure. Exact current terms were NOT captured in this sweep and must be confirmed before filing.,"Explicitly individual-first. Historically ""open to existing and prospective technology founders of all kinds - with or without an idea, young or old, and with a",no,~1 hour plus a Predictive Admissions Test.,"Chapter-dependent; many are hybrid or virtual. Part-time by design - historically ""not required to quit your day job"".",,Low expected value. Revisit after public launch changes the traction answer.,https://fi.co/enrolling
234,4.79,Tier 4,verify-first,Not started,Ireland Start-up Entrepreneur Programme (STEP),$54.5K,4  $25-100K,54500,,,rolling,UNKNOWN,Ireland,non-dilutive scheme,None.,Individual route; solo is standard.,no,Moderate-to-high: a detailed business plan on the official template plus evidence of funding. €350 non-refundable fee.,Must establish and run the business in Ireland full-time and not be employed in another profession.,,Page state could not be read. Open it before spending drafting hours.,https://www.irishimmigration.ie/coming-to-live-in-ireland/i-want-to-start-a-business-invest-or-buy-property-in-ireland/start-up-entrepreneur-programme-step/
235,4.79,Tier 4,apply-now,Not started,Onward FX Fall 2026,,6  no cash,0,2026-08-24,10,B  2-3 weeks,OPEN,US — Pacific Northwest,non-dilutive scheme,,Not addressed,no,Low,In-person event,,Closes in 10 days on an open form. Forms are editable; file and refine.,https://onward.nwacouncil.org/fx
236,4.77,Tier 4,apply-later,Not started,Accelerace pre-seed funding route,,6  no cash,0,,,rolling,OPEN,"Denmark (Copenhagen), serving Nordics and Baltics",accelerator,Equity; terms not published.,Not stated.,no,"Start with the 12-question investment readiness test (~15 minutes), then the funding route. No structured application effort published.",Nordics and Baltics focus. Overkill Ventures' own site directs any 'pre-seed stage startup from Nordics or Baltics' here.,,Low expected value. Revisit after public launch changes the traction answer.,https://accelerace.io/funding/
237,4.77,Tier 4,apply-later,Not started,Startup Wise Guys — B2B SaaS Accelerator,,6  no cash,0,2026-11-02,80,D  1-3 months,OPEN,Estonia (Tallinn) and pan-European,accelerator,Not published on the apply page,"Published exclusion, stated twice: 'You come with at least two co-founders' and 'Our programs are not for you if you're B2C-focused, hardware-centric, lacking t",no,"Web form on the apply page; fields for name, LinkedIn, startup description, vertical","Tallinn-based programme, in person per the aggregator listing",,Low expected value. Revisit after public launch changes the traction answer.,https://startupwiseguys.com/apply/
238,4.76,Tier 4,apply-later,Not started,UK Global Talent Visa — Digital Technology (Tech Nation endorsement),,6  no cash,0,,,rolling,OPEN,UK,non-dilutive scheme,"None. No equity, no company, no sponsor.","IRRELEVANT — an individual endorsement. Solo is the unit of assessment, which makes this the most solo-friendly item in the lane.",no,"HIGH but front-loadable: most successful applicants spend 3–6 months preparing, and the bulk of that is securing THREE letters of recommenda",None to apply. Grants the right to live and work in the UK once issued.,,Low expected value. Revisit after public launch changes the traction answer.,https://www.gov.uk/global-talent
239,4.76,Tier 4,apply-later,Not started,STATION F Landing Zone,,6  no cash,0,,,rolling,OPEN,France (Paris),founder community,None; 269 EUR HT per desk per month,No team-size rule published,no,Roughly 1 hour,"STATION F, Paris, full-time desk",,Low expected value. Revisit after public launch changes the traction answer.,https://stationfteam.notion.site/Landing-Zone-Information-0e258f58e1c74a838464e0b7e7eb0ee1
240,4.75,Tier 4,apply-later,Not started,Accelerator Program (Accelerate),,6  no cash,0,,,rolling,OPEN,Netherlands (Delft),accelerator,"'YES!Delft takes no equity.' Participation fee €3,500 (excl. VAT) per team, plus a €25,000 (excl. VAT) success fee payable only on reaching €1M additional annual revenue or €1M total funding.","Published 2+ rule: 'Minimum co-founders: at least two required' — but the page explicitly offers solo founders a route in, noting solo founders 'can join a work",no,Est. 3-5 hours.,"'Based in or moving to The Netherlands.' No TU Delft affiliation needed — 'You do not need to be a TU Delft student, alumnus, or staff member.'",,Low expected value. Revisit after public launch changes the traction answer.,https://yesdelft.com/join-as-startup/
241,4.75,Tier 4,apply-later,Not started,Foresight Institute AI for Science & Safety Grants,,6  no cash,0,,,rolling,OPEN,Global,grant,Non-dilutive grant from a 501(c)(3),Funds individuals and small teams; no team-size rule published,no,3-5 hours estimated. Page carries a live 'Apply now' control; full form requirements not visible without opening it.,None stated; organisation is San Francisco based,,Low expected value. Revisit after public launch changes the traction answer.,https://foresight.org/engage/grants/
242,4.74,Tier 4,apply-later,Not started,Lenny's Newsletter Community,,6  no cash,0,,,rolling,OPEN,"Global (online, Slack) with local meetups",founder community,"None. Paid subscription: $200/year annual, $400/year Insider tier.",Not gated,no,"Minutes - it is a paid subscription, not an application.",,,Low expected value. Revisit after public launch changes the traction answer.,https://www.lennysnewsletter.com/p/productpass
243,4.74,Tier 4,apply-later,Not started,Foresight Fellowship,,6  no cash,0,,,rolling,OPEN,Global (hubs in San Francisco and Berlin),fellowship,None. No equity.,Individual fellowship — solo is the default unit.,no,Unverified. Application plus optional nomination route. Budget 2-4 hours.,"None ongoing. Travel to two events, paid.",,Low expected value. Revisit after public launch changes the traction answer.,https://foresight.org/engage/fellowship/
244,4.74,Blocked,apply-later,Not started,Modal Startup Program,,6  no cash,0,,,rolling,OPEN,Global,credits,Non-dilutive,No team-size requirement published,no,~20 min form asking funding information and use case,,Seed-to-Series-A tier requires 'Raised any amount of VC funding from our VC partner network' OR 'Raised VC funding >$1m from any fund'. A se,Low expected value. Revisit after public launch changes the traction answer.,https://modal.com/startups#apply
245,4.74,Blocked,apply-later,Not started,Vercel for Startups,,6  no cash,0,,,rolling,OPEN,Global,credits,Non-dilutive,No team-size requirement published,no,"~20 min, but requires a screenshot of a partner dashboard as proof",,"Two stacked walls: 'Startup must be affiliated with an approved Startups Partner' AND 'must have raised a Series A or less, and must apply w",Low expected value. Revisit after public launch changes the traction answer.,https://vercel.com/startups/credits
246,4.73,Tier 4,apply-later,Not started,Unshackled Ventures,,6  no cash,0,,,rolling,OPEN,USA (immigrant founders),non-dilutive scheme,,"Backs individual technical founders ""pre-product, pre-traction, pre-revenue"" - solo-compatible",no,Under 1 hour - a pitch form.,US-oriented. U-Labs holds in-person sessions in NYC.,,Low expected value. Revisit after public launch changes the traction answer.,https://unshackledventurespitchus.lovable.app
247,4.73,Tier 4,apply-later,Not started,Technology Development Fund (Tækniþróunarsjóður) — Fræ/Þróunarfræ seed grant,,6  no cash,0,,,rolling,OPEN,Iceland,non-dilutive scheme,Non-dilutive grant.,"Not stated. Notably, 'Individuals' are named as eligible applicants alongside business enterprises, which is unusual for a state R&D fund and softens the entity",no,"Unknown, and there is a LANGUAGE WALL phase 1 did not know about: 'Full information about the fund is only available in Icelandic', the appl",The fund's remit is innovation in the Icelandic economy. An Icelandic nexus is near-certain but is not stated as a hard rule on the English page.,,Low expected value. Revisit after public launch changes the traction answer.,https://en.rannis.is/funding/research/technology-development-fund/
248,4.71,Tier 4,apply-later,Not started,Reforge,,6  no cash,0,,,rolling,OPEN,Global (online),founder community,Paid subscription. No equity.,Not gated,no,"Minutes - a purchase, not an application.",,,Low expected value. Revisit after public launch changes the traction answer.,https://www.reforge.com/
249,4.71,Tier 4,apply-later,Not started,AI House Incubator (formerly AI2 Incubator),,6  no cash,0,,,rolling,OPEN,"Seattle, USA",incubator,Not stated on any AI House page,Not addressed on the page,no,"UNDER 30 MINUTES, stated on the form itself: ""This form takes about 10-15 minutes to complete."" No video or references advertised.",Seattle-based organisation; the page does not explicitly restrict founders to Seattle,,Low expected value. Revisit after public launch changes the traction answer.,https://apply.ai2incubator.com/
250,4.71,Tier 4,apply-later,Not started,startersss — Accelerators With Open Applications directory,,6  no cash,0,,,rolling,OPEN,Global directory covering 493 programmes,founder community,N/A,N/A,no,"N/A — this is a source, not a programme",N/A,,Low expected value. Revisit after public launch changes the traction answer.,https://www.startersss.com/accelerators/open-applications
251,4.71,Tier 4,apply-later,Not started,Landing Pad Winter 2026,,6  no cash,0,2026-10-05,52,D  1-3 months,OPEN,Japan — Aichi Prefecture; open to global startups,accelerator,Government-backed; no equity indicated,Not addressed,no,Account registration plus an application form,Business matchmaking with Aichi companies; travel to Japan for the in-person phase,,Low expected value. Revisit after public launch changes the traction answer.,https://aichi-landing-pad.agorize.com/en/challenges/edition-2026-winter
252,4.69,Tier 4,apply-later,Not started,Y Combinator Startup School,,6  no cash,0,,,rolling,OPEN,"Global, fully online",founder community,Free and non-dilutive. 'Startup School is a free online course on how to start a startup.',"'It's for anyone at the early stages of building a startup, turning a side project into a company'. Co-founder matching is a core feature.",no,"Sign-up only, minutes",None; fully online,,Low expected value. Revisit after public launch changes the traction answer.,https://www.startupschool.org/
253,4.68,Tier 4,apply-later,Not started,OpenAI Pioneers,,6  no cash,0,,,rolling,OPEN,Global (US-headquartered),accelerator,None stated - no equity mentioned,"Not addressed. The form is company-level (name, email, company, stage, sector) and never asks about team size or co-founders.",no,"1-2 hours. Short form: first name, last name, email, city, country, company, company stage, company sector, then three free-text questions -",None stated. The form asks for city and country with a global country list including India.,,Low expected value. Revisit after public launch changes the traction answer.,https://openai.com/index/openai-pioneers-program/
254,4.68,Tier 4,verify-first,Not started,Google for Startups Cloud Program (incl. AI-first tier),,6  no cash,0,,,rolling,UNKNOWN,Global,credits,Non-dilutive,Unverified,no,"Reported under 15 min. Founder has a Google account, so the sign-in gate is passable - phase 2 should log in and read the real form.",None known,,Page state could not be read. Open it before spending drafting hours.,https://cloud.google.com/startup/apply
255,4.67,Tier 4,apply-later,Not started,"Founders, Inc. (F.inc) - Campus",,6  no cash,0,,,rolling,OPEN,"US (Fort Mason, San Francisco)",founder community,"Investment terms not published. ""We're the first check in founders solving hard problems in emerging domains.""",No stated team requirement. All published selection criteria are individual-framed.,no,"~1-2 hours. Explicitly no deck and no pitch: ""We don't do decks or pitches. At all."" Response within a month.","Fort Mason, San Francisco - 42,000 sq ft campus. Campus access is portfolio-or-prospective-portfolio only: ""Our spaces are not open to the general public or thr",,Low expected value. Revisit after public launch changes the traction answer.,https://f.inc/apply
256,4.67,Blocked,apply-later,Not started,Nebius for Startups / AI Lift,,6  no cash,0,,,rolling,OPEN,Global (EU-headquartered infrastructure),credits,Non-dilutive,No team-size requirement published,YES,"Via a VC partner's platform team, not a direct form",,"Compound wall: 'Acceptance is by application through a Nebius VC partner only', minimum $5M+ funding from approved VC partners, and incorpor",Low expected value. Revisit after public launch changes the traction answer.,https://nebius.com/startups
257,4.67,Tier 4,apply-later,Not started,Cascade funding / Financial Support to Third Parties (FSTP) open calls,,6  no cash,0,,,rolling,OPEN,EU-level (country rules vary per call),grant,Equity-free grants.,Varies by call. AI-BOOST expressly accepts individuals; most others require an SME.,no,"Low per call — cascade calls are deliberately ""faster, smaller, and less bureaucratic than many direct EU programmes"". Often 10-25 hours.","Varies by call; almost always EU or Associated Country establishment, though AI-BOOST's individual route shows 'establishment' can mean residence rather than in",None at the channel level; individual calls vary and most require an SME.,Low expected value. Revisit after public launch changes the traction answer.,https://cascadefunding.eu/
258,4.67,Tier 4,apply-later,Not started,Forge Residency — Cohort 02 'alexandria',,6  no cash,0,,,rolling,OPEN,"India — Mandrem, Goa",residency,"Free. 'forge takes no money and no equity. we make nothing from you.' No application fee, no tuition. Housing, dinners, AI credits and domains covered.","Not addressed; cohort 01 was 13 founders across 8 teams, so solo builders were clearly present",no,Very low — 'three questions. a paragraph each.',Live in the Goa house for the full 22 days,,Low expected value. Revisit after public launch changes the traction answer.,https://forge.adihuman.ai/cohorts/2
259,4.66,Blocked,apply-now,Not started,JETRO Global Startup Acceleration Program (GSAP),,6  no cash,0,2026-08-30,16,B  2-3 weeks,OPEN,Japan,non-dilutive scheme,Non-dilutive - JETRO takes no equity.,"Not stated. Requirement 4 asks that key personnel with decision-making authority participate, which a solo founder satisfies.",YES,"Application form plus a PITCH VIDEO, in English. Also requires the ability to ""conduct business negotiations in English"" and agreement to po",Japan-located company. Tokyo bootcamp plus a San Francisco immersion week for the B2B course.,"YES - a genuine eligibility wall, and it is requirement 1 of 7 in JETRO's own published list: ""The startup company must be located in Japan.",Closes in 16 days on an open form. Forms are editable; file and refine.,https://www.jetro.go.jp/en/startup/acceleration/gsap.html
260,4.63,Tier 4,apply-later,Not started,IIMA Ventures incubation,$1,5  under $25K,1,,,rolling,OPEN,"India (Ahmedabad, Indore, Jaipur)",incubator,"Varies by programme - grants at the low end, convertible debt or equity at the high end.","Not stated for general incubation. Eligibility is framed around ""Individuals, startups, and founders who are working on an innovative idea"" - individual-friendl",no,"Online application. Response in 2 weeks for some programmes, up to 45 days for wider-outreach ones.","India. Physical presence across Ahmedabad, Indore and Jaipur, with virtual support also offered.",,Low expected value. Revisit after public launch changes the traction answer.,https://go.iimaventures.com/WebsiteForm
261,4.62,Tier 4,apply-later,Not started,Agentic Accelerator,,6  no cash,0,2026-09-12,29,C  1-6 weeks,OPEN,GLOBAL — 100% remote,accelerator,Not published,Not addressed,no,Not established,'100% remote' — the only fully remote AI-agent programme found with a live dated deadline,,Low expected value. Revisit after public launch changes the traction answer.,https://www.agentic.near.org/
262,4.6,Tier 4,apply-later,Not started,AREA 01 Residency - Cohort 01,,6  no cash,0,,,rolling,OPEN,"India (Indiranagar, Bengaluru)",residency,Not published - must be confirmed,"Selects for ""high agency, technical independence, and full commitment"" - individual-framed, no team requirement stated.",no,~15 minutes for the waitlist form.,"Live and work in Indiranagar, Bengaluru. ""AREA 01 is full-time in Bangalore. No side jobs, no part-time participation."" Founder already lives in Bangalore.",,Low expected value. Revisit after public launch changes the traction answer.,https://www.area01.space/
263,4.6,Tier 4,apply-later,Not started,Funding for work that builds capacity to address risks from transformative AI,,6  no cash,0,,,rolling,OPEN,Global,grant,"Non-dilutive grant. Page notes they are 'open to making restricted grants to projects housed within for-profit companies, though we expect this to be somewhat rare, for logistical reasons.'",Explicitly funds individuals,no,3-6 hours estimated. Paperform general application; no video required.,,,Low expected value. Revisit after public launch changes the traction answer.,https://op-gcrcb-general-form.paperform.co/
264,4.59,Tier 4,apply-later,Not started,Startup Denmark,,6  no cash,0,,,rolling,OPEN,Denmark,non-dilutive scheme,None.,Explicitly accepts individuals: 'The scheme can be used by both individuals and teams of up to 3 people.',no,"Business plan submission to the expert panel (est. 15-25 hours), then a separate SIRI permit application with a DKK 1,900 fee and proof of f",Denmark. 'You must play an active part in running the business ... If you have only economic or financial interests in the business ... you cannot be granted a ,,Low expected value. Revisit after public launch changes the traction answer.,https://startupdenmarkprogramme.dk/
265,4.58,Tier 4,apply-later,Not started,Fuse Ventures — Fall 2026 programs,,6  no cash,0,,,rolling,OPEN,US — multiple regional hubs including Phoenix and Wichita,accelerator,Not published,Not addressed,no,~10 minutes — the page states '~10 min to complete',Regional hubs; each cohort is tied to a US ecosystem,,Low expected value. Revisit after public launch changes the traction answer.,https://fuseventures.com/applynow
266,4.57,Tier 4,apply-later,Not started,Estonian Startup Visa,,6  no cash,0,,,rolling,OPEN,Estonia,non-dilutive scheme,None.,No team-size requirement published.,no,"Dealum form plus supporting documents, est. 6-10 hours. State fee €80 for a long-stay D visa, €60 short-stay; no fee for the Startup Committ",Estonia. Company must be 'commencing operations' with an 'innovative and repeatable business model with great global growth potential' and be 'not older than 10,,Low expected value. Revisit after public launch changes the traction answer.,https://app.dealum.com/#/company/application/new/22/fbscrckdd1hmjejisjgw3x73wbfbcz58
267,4.57,Tier 4,apply-later,Not started,STATION F Founders Program,,6  no cash,0,,,rolling,OPEN,France (Paris),accelerator,"No published equity take; a paid desk fee instead, starting from 259 EUR per desk per month","No published team-size rule; audience stated as tech startups, early stage",no,"Roughly 2 to 4 hours; multi-step Fillout form, no video or references stated on the public landing","STATION F, Paris. Format is hybrid and minimum presence is required.",,Low expected value. Revisit after public launch changes the traction answer.,https://form.fillout.com/t/3cQWxL9oo1eu
268,4.57,Tier 4,apply-later,Not started,in5 Tech Incubation Programme,,6  no cash,0,,,rolling,OPEN,UAE / Dubai,incubator,Equity-free.,"Not stated. ""We are open to great ideas from everyone.""",no,"Typeform application, then a five-step process: ""Apply, Shortlisting, Pitching (to industry experts committee), Selection, and Incorporation","""located (or willing to relocate) in the UAE to be able to qualify"" - willingness suffices, which keeps it open to a Bangalore-based founder. Based at in5 Tech,",,Low expected value. Revisit after public launch changes the traction answer.,https://infive.typeform.com/applications
269,4.57,Tier 4,apply-now,Not started,AI Launchpad Batch 4,,6  no cash,0,2026-09-01,18,B  2-3 weeks,OPEN,Europe — 6 to 10 local hubs,accelerator,Not published,Not addressed,no,Low — a pitch deck plus a 1-minute video,Apply to one of the local European hubs for a 12-week immersion,,Closes in 18 days on an open form. Forms are editable; file and refine.,https://elias-ai.eu/ai-launchpad/
270,4.55,Tier 4,apply-later,Not started,Sting Core,,6  no cash,0,,,rolling,OPEN,Sweden (Stockholm),accelerator,Convertible note plus a Sting 2% warrant.,"Published rule: 'A founding team of minimum two people.' A stated criterion, not confirmed as a form-level gate.",no,"Application plus pitch via app.sting.co, est. 4-8 hours.","'Incorporated Swedish AB, team presence in Stockholm during program' — stated as a programme condition. Verify in phase 2 whether the AB must exist to SUBMIT or",,Low expected value. Revisit after public launch changes the traction answer.,https://app.sting.co/
271,4.54,Tier 4,verify-first,Not started,Founder University,$25K,4  $25-100K,25000,,,rolling,UNKNOWN,Global (virtual),incubator,"$500 tuition, reportedly refundable if you attend every live session. Investment terms for selected companies not verified.",Not stated. Open to solo founders in practice.,no,Short form plus a one-minute live video recording. Budget 1-2 hours. VIDEO REQUIRED.,None. Virtual.,,Page state could not be read. Open it before spending drafting hours.,https://founder.university/
272,4.53,Tier 4,apply-later,Not started,Sanabil Accelerator by 500 Global (Batch 12),,6  no cash,0,,,rolling,OPEN,Saudi Arabia / Riyadh,accelerator,"THE FEE IS REAL AND IT IS ON THE PROGRAMME'S OWN PAGE: ""The program Fee for Phase 1 is $35,000 per startup, excluding travel expenses."" This is a paid programme, not a funded one. Phase 1 asked whether the fee attached t",Not stated. Criteria are stage-based rather than team-based.,no,"Standard 500 Global application via the Aplica platform. Eligibility is ""Tech startups with a Minimum Viable Product (MVP)"" and ""Startups wi","MENA focus is an explicit published criterion: ""Focused on the Middle Eastern and North African region (MENA)"". 12-week programme anchored in Riyadh.",,Low expected value. Revisit after public launch changes the traction answer.,https://mena.aplica.500.co/
273,4.52,Tier 4,apply-later,Not started,E3 Accelerator Cycle 6,,6  no cash,0,2026-09-30,47,D  1-3 months,OPEN,Saudi Arabia / Riyadh,accelerator,"Not published: ""Any equity, investment, and valuation terms will be discussed individually with shortlisted startups."" You cannot price this before applying.","Published two-founder criterion, confirmed verbatim at source: ""Minimum of two committed founders with complementary business and technical expertise."" It sits ",no,"Online application, effort not published. Shortlisted founders interviewed after 30 September. No video or references stated.","Hybrid. Virtual phase is fully online; ""At least one founding member must be physically present in Riyadh for the onsite immersion phase."" For a solo founder th",,Low expected value. Revisit after public launch changes the traction answer.,https://e3.ventures/programs/e3-accelerator/
274,4.5,Tier 4,apply-later,Not started,AGI House SF Residency,,6  no cash,0,,,rolling,OPEN,"San Francisco Bay Area, USA",founder community,"None stated - this is a residency and community, not an investment programme",Not stated; individual researchers and founders are the target,no,"Under 15 minutes - a short Google Form: name, email, GitHub, Twitter, and a hackathon interest and availability picker.","In person, San Francisco Bay Area",,Low expected value. Revisit after public launch changes the traction answer.,https://forms.gle/TF6Arjmv7CMM4KUQA
275,4.5,Tier 4,apply-later,Not started,Rockstart Emerging Tech,,6  no cash,0,,,rolling,OPEN,Netherlands (Amsterdam) and Denmark (Copenhagen),accelerator,Equity; terms not published.,Not stated.,no,"Typeform, est. 1-2 hours.","Amsterdam, Copenhagen, Bogotá. No applicant-location filter published.",,Low expected value. Revisit after public launch changes the traction answer.,https://rockstart1.typeform.com/to/qoieotFj
276,4.5,Tier 4,apply-later,Not started,ZERO TO 1 Accelerator,,6  no cash,0,,,rolling,OPEN,"Thailand (Bangkok), primarily in person",accelerator,'Do I need to give equity to participate? No. Participating in the program is completely free of charge.',"Explicit: 'Can solo founders apply? Yes. Solo founders are welcome. However, we recommend having a co-founder.'",no,Not stated; 7-12 structured hours per week once in,"'primarily delivered in-person in Bangkok, with core sessions, workshops, and community interactions happening on-site'",,Low expected value. Revisit after public launch changes the traction answer.,https://www.zeroto1accelerator.com/faq
277,4.49,Tier 4,verify-first,Not started,CoreWeave Accelerator Program,,6  no cash,0,,,rolling,UNKNOWN,Global,credits,Non-dilutive. Note CoreWeave Ventures is a separate equity vehicle.,,no,Unknown,,,Page state could not be read. Open it before spending drafting hours.,https://www.coreweave.com/blog/coreweave-launches-startup-accelerator-program-democratizing-access-to-gpu-compute-in-the-cloud
278,4.48,Tier 4,apply-later,Not started,Solo Grants,$1K,5  under $25K,1000,,,rolling,OPEN,"Global — 'open to anyone, any age, anywhere in the world'",grant,"100% non-dilutive. 'no equity, no repayment, no board seat.'",Solo-only by definition: 'One person building a real thing.',no,"Five-minute form, no deck, no warm intro, then a 15-minute interview. Lowest effort of anything in this sweep.",,,Low expected value. Revisit after public launch changes the traction answer.,https://sologrants.com/
279,4.48,Tier 4,apply-later,Not started,Intercom Early Stage Program,,6  no cash,0,,,rolling,OPEN,Global,credits,Non-dilutive,'Fewer than 15 employees' - a solo founder qualifies comfortably,no,~10 min self-serve signup,,,Low expected value. Revisit after public launch changes the traction answer.,https://www.intercom.com/signup?solution_id=26
280,4.48,Tier 4,apply-later,Not started,Foresight Institute Fellowship,,6  no cash,0,,,rolling,OPEN,Global,fellowship,Non-dilutive,Individual fellowship,no,Unknown; not visible without opening the form,,,Low expected value. Revisit after public launch changes the traction answer.,https://foresight.org/engage/fellowship/
281,4.47,Blocked,apply-later,Not started,Atlassian for Startups,,6  no cash,0,,,rolling,OPEN,Global,credits,Non-dilutive,No team-size requirement; 50 seats is far beyond a solo founder's need,no,~15 min,,Quoted requirement: 'VC funded or associated with a partner accelerator and/or incubator'. Also must not be an existing paid customer and mu,Low expected value. Revisit after public launch changes the traction answer.,https://www.atlassian.com/software/views/startups-request
282,4.47,Blocked,apply-later,Not started,"Women TechEU (third edition, 2026-2028)",,6  no cash,0,,,rolling,OPEN,EU + Horizon Europe Associated Countries,grant,Equity-free.,"Solo-friendly in structure, but the gender criterion is dispositive.",YES,Moderate two-stage process.,European startups (EU + Horizon Europe Associated Countries).,"Gender eligibility wall. The programme funds ""women-led early-stage deep tech startups"" and the EIC describes it as ""equity-free grants for ",Low expected value. Revisit after public launch changes the traction answer.,https://womentecheurope.eu/active-calls/
283,4.46,Tier 4,apply-later,Not started,Fighters Program,,6  no cash,0,2026-10-18,65,D  1-3 months,OPEN,Europe — Paris,accelerator,Not established in this pass,Described as STATION F's programme for unconventional founders from all backgrounds — no team rule found,no,Not established,"Station F, Paris",,Low expected value. Revisit after public launch changes the traction answer.,https://stationf.co/programs
284,4.45,Blocked,apply-now,Not started,Edge City Inflection Fellowship (India cohort),,6  no cash,0,2026-08-14,0,A  this week,OPEN,"India (Mandrem, North Goa)",fellowship,Zero equity. Fully-funded fellowship.,"Individual fellowship - ""You don't need to be running a company.""",no,Moot - ineligible on age.,"Goa, India. ""India-based builders are especially encouraged to apply.""","AGE. ""A three-week, fully-funded fellowship for exceptional builders under 25"" and ""You must be under 25 years old when you'll attend the po",Closes in 0 days on an open form. Forms are editable; file and refine.,https://www.edgecity.live/blog/announcing-the-inflection-fellowship-2026-at-edge-esmeralda
285,4.45,Blocked,apply-later,Not started,Cloudflare for Startups,,6  no cash,0,,,rolling,OPEN,Global,credits,Non-dilutive,No team-size requirement published,YES,"~30 min. No video. Needs a public website and an active LinkedIn, X or GitHub presence.",,"Page criteria state the company must be 'incorporated no more than 10 years ago', which implies incorporation is required to qualify. Verify",Low expected value. Revisit after public launch changes the traction answer.,https://www.cloudflare.com/lp/startups/
286,4.44,Blocked,verify-first,Not started,F6S open calls and programmes directory,$65.4K,4  $25-100K,65400,,,rolling,UNKNOWN,"Global, EU-weighted",grant,EU cascade funding is generally equity-free,not applicable - directory,YES,n/a,EU open calls typically require an entity established in an EU Member State or Digital Europe Programme associated country,For the EU cascade-funding open calls specifically: eligibility is restricted to SMEs and research organisations established in EU Member St,Page state could not be read. Open it before spending drafting hours.,https://www.f6s.com/programs
287,4.43,Blocked,apply-later,Not started,Stripe startup programme (fee credits),,6  no cash,0,,,rolling,OPEN,Global,credits,Non-dilutive,No team-size requirement,YES,~15 min via the Stripe dashboard,,"Programme is 'Designed for venture-backed businesses that are just getting started'. Separately, a Stripe account cannot be activated to acc",Low expected value. Revisit after public launch changes the traction answer.,https://dashboard.stripe.com/register/startup?partner_code=PUBLIC&partner_page=PUBLIC
288,4.43,Tier 4,apply-later,Not started,Solo Grants and the Solo Founders Program,$1K,5  under $25K,1000,,,rolling,OPEN,Global,grant,"'no equity, no repayment, no board seat'",The entire premise: 'One person building a real thing.' Eligibility stated as 'open to all ages and nationalities'.,no,"About 30 minutes for the form ('about five minutes, no deck, no warm intro') plus a 15-minute interview. No video required.","None. 'It's open to anyone, any age, anywhere in the world'.",,Low expected value. Revisit after public launch changes the traction answer.,https://sologrants.com/
289,4.42,Tier 4,verify-first,Not started,Sequoia Arc,,6  no cash,0,,,rolling,UNKNOWN,"San Francisco, USA and Europe",accelerator,"Company-specific, not published","Not stated; targets ""outlier early stage founders"" at pre-seed and seed",no,Not determinable - no form is reachable,Americas and Europe cohorts,,Page state could not be read. Open it before spending drafting hours.,https://www.sequoiacap.com/arc/
290,4.42,Blocked,apply-later,Not started,Fireworks AI Startup Program,,6  no cash,0,,,rolling,OPEN,Global,credits,Non-dilutive,No team-size requirement,YES,~20 min. Contact startups@fireworks.ai for eligibility questions.,,"Two stacked walls quoted from the page: 'Be a registered company with a functional website', 'Operate as a privately held, for-profit entity",Low expected value. Revisit after public launch changes the traction answer.,https://fireworks.ai/startups
291,4.42,Tier 4,verify-first,Not started,IT Park Global Startup Accelerator 2026,,6  no cash,0,2026-08-31,17,B  2-3 weeks,UNKNOWN,"Russia — Kazan, Tatarstan; open to startups worldwide",accelerator,Not published,'You are a founder or co-founder' — solo acceptable,no,Not established,Online phase from anywhere; top 20 travel to Kazan,,Page state could not be read. Open it before spending drafting hours.,http://global.itpark.tech/
292,4.41,Tier 4,apply-later,Not started,Ship Residency,,6  no cash,0,,,rolling,OPEN,India / Bengaluru,residency,"None: ""Ship isn't an accelerator or an investor. We don't take equity, and there are no hidden fees for a spot in the house.""","Explicitly welcomes solo: ""Absolutely. Solo founders are welcome. You'll still be surrounded by people who push you like a team would.""",no,"Roughly 30 minutes. Five short questions plus an optional file. No video, no deck, no references. The optional ""best agent chat history"" upl","A physical house in Bengaluru, in-person residency required. The founder already lives in Bangalore, so this is the only option in the sweep with genuinely zero",,Low expected value. Revisit after public launch changes the traction answer.,https://tally.so/r/ZjKN7B
293,4.41,Blocked,apply-later,Not started,Eurostars 3 — Call 11,,6  no cash,0,2026-09-10,27,C  1-6 weeks,OPEN,"Pan-European + Eurostars partner countries (incl. Canada, Si",grant,Non-dilutive national grant funding.,"No team-size rule about founders; the binding constraint is entities, not people. A one-person SME can lead if it is an SME in a Eurostars country.",YES,"High — collaborative R&D proposal plus national funding body pre-engagement, and the page warns of additional national eligibility criteria.",Lead must be an SME in a Eurostars country; at least one partner from an EU or Horizon Europe Associated Country. Organisations from non-Eurostars countries may,"Two walls stack. (1) ""The project consortium is led by an innovative SME from a Eurostars country"" — India is not on the 38-entry Eurostars ",Low expected value. Revisit after public launch changes the traction answer.,https://myeurekaproject.org/
294,4.4,Tier 4,apply-later,Not started,The AI Collective (formerly The GenAI Collective),,6  no cash,0,,,rolling,OPEN,Global - 150+ chapters across 40+ countries including Bengal,founder community,"Free. ""We are a volunteer, non-profit organization. All proceeds solely fund future efforts for the benefit of this incredible community.""",Not founder-gated at all.,no,Minutes. Free signup.,"None - chapter-based, and there is a Bengaluru chapter.",,Low expected value. Revisit after public launch changes the traction answer.,https://www.aicollective.com/
295,4.4,Tier 4,apply-later,Not started,Product-Led Alliance,,6  no cash,0,,,rolling,OPEN,Global (online) with in-person summits,founder community,"Free Insider tier. Pro is $42/month billed annually; Pro+ is $1,999/year.",Not gated,no,Minutes for the free tier.,,,Low expected value. Revisit after public launch changes the traction answer.,https://www.productledalliance.com/join-the-pla-slack-community/
296,4.4,Blocked,verify-first,Not started,Startup SG Founder,$50K,4  $25-100K,50000,,,rolling,UNKNOWN,Singapore,grant,Non-dilutive grant,"Applicant must hold at least 30% of ordinary shares and commit full time - solo is fine, the bar is elsewhere",YES,Moderate - routed through an Accredited Mentor Partner,Singapore,"Citizenship wall: ""the applying individual must be a Singapore Citizen or Permanent Resident"". Compounding conditions: a Singapore-incorpora",Page state could not be read. Open it before spending drafting hours.,https://www.enterprisesg.gov.sg/financial-support/startup-sg-founder
297,4.4,Tier 4,apply-later,Not started,StartupYard Remote Lab,,6  no cash,0,,,rolling,OPEN,"Prague, Czech Republic - programme fully remote",accelerator,not published on the page,Not stated on the page,no,Unverified,"None. Page states the programme is 'fully remote' with 'access to world-class mentors and resources from anywhere, without the need to relocate'.",none identified,Low expected value. Revisit after public launch changes the traction answer.,https://startupyard.com/apply-to-startupyard-remote-lab/
298,4.4,Tier 4,apply-later,Not started,AI Tinkerers,,6  no cash,0,,,rolling,OPEN,Global — 252-268 city chapters including Bangalore,founder community,None. Free.,Not applicable.,no,Minimal. RSVP to attend; a short pitch to secure a demo slot.,None — attend a local chapter. Bangalore is covered.,,Low expected value. Revisit after public launch changes the traction answer.,https://aitinkerers.org/all_cities
299,4.39,Tier 4,verify-first,Not started,The Residency — Fall 2026 deep tech cohort and 'Delta' online programme,,6  no cash,0,,,rolling,UNKNOWN,"US — San Francisco (14 houses across four continents, includ",residency,Currently no equity; the company has publicly discussed moving to an equity model,Individual residents; solo is normal,no,Low,"Live-in residency, San Francisco (plus partner houses including Bangalore)",,Page state could not be read. Open it before spending drafting hours.,https://livetheresidency.com/
300,4.38,Blocked,verify-first,Not started,"XPRIZE active competition portfolio (Water Scarcity, Healthspan, Wildfire)",,6  no cash,0,,,rolling,UNKNOWN,Global,grant,Non-dilutive prize,Team-based competitions; individuals may join or form teams,no,Very heavy - multi-year technical competition,,"Domain mismatch across all three - water, longevity and wildfire. No track fits developer or product-lifecycle software.",Page state could not be read. Open it before spending drafting hours.,https://pop.xprize.org/prizes
301,4.37,Blocked,apply-now,Not started,Innofounder — Round 2 2026,,6  no cash,0,2026-08-25,11,B  2-3 weeks,OPEN,Denmark,non-dilutive scheme,Non-dilutive grant.,Explicitly welcomes solo: 'You can apply individually or in a team of up to 3 founders.',no,"e-grant.dk submission, likely 8-15 hours. Requires proof of completed higher education.","Denmark. 'You must have established a company with a Danish CVR number when the Innofounder process starts' — i.e. at programme start, not at submission.",Residence permit not held: 'Non-EU/EEA citizens need a Start-up Denmark visa or Danish education/work history.' The founder is an Indian nat,Closes in 11 days on an open form. Forms are editable; file and refine.,https://www.e-grant.dk/
302,4.36,Tier 4,apply-later,Not started,Lithuania Startup Visa,,6  no cash,0,,,rolling,OPEN,Lithuania,non-dilutive scheme,None.,No team-size requirement. Applicant must play an active managerial role.,no,"Business plan in English, est. 10-20 hours. No MVP requirement — 'You do not need a working product before applying.' TRP fees €160 standard","Lithuania. UAB incorporation required AFTER endorsement (€1,000 share capital, €250 paid up); founder must have meaningful Lithuanian presence.",,Low expected value. Revisit after public launch changes the traction answer.,https://www.startuplithuania.com/entry-to-lithuania/
303,4.36,Tier 4,apply-later,Not started,"Residence permit for foreign startups (Startup Visa, facilitator route)",,6  no cash,0,,,rolling,OPEN,Netherlands,non-dilutive scheme,None from the state; facilitator terms vary by facilitator.,No team-size rule published.,no,"Step-by-step plan plus proof of funds, est. 10-20 hours, PLUS the separate effort of getting a facilitator to sign.","Netherlands. A signed cooperation agreement with a recognised facilitator is mandatory — 'without this cooperation agreement, the application cannot proceed'.",,Low expected value. Revisit after public launch changes the traction answer.,https://english.rvo.nl/topics/residence-permit-foreign-startups/facilitator-startups
304,4.36,Tier 4,apply-later,Not started,Venture Building Program — Fall Cohort 2026,,6  no cash,0,,,rolling,OPEN,Netherlands (Eindhoven),incubator,Not published.,Individual co-founders are the intended intake — HighTechXL actively recruits solo entrepreneurs to match against technologies ('Co-founders Wanted').,no,"Co-founder questionnaire, then intro meeting, 1-1 interview, and a final technical interview. Est. 3-5 hours of writing plus interview time.","'I don't live in Eindhoven. Can I still join the Program? Yes, you can join the HighTechXL Program from anywhere in the Netherlands.' — Netherlands residence is",,Low expected value. Revisit after public launch changes the traction answer.,https://www.hightechxl.com/our-program/
305,4.36,Tier 4,apply-later,Not started,Ideation (Tnufa) Incentive Program - Startup Fund,,6  no cash,0,,,rolling,OPEN,Israel,non-dilutive scheme,"Conditional grant, non-dilutive. Page states entrepreneurs do not have to 'give up rights to the project'.","Aimed at individual entrepreneurs. The page names the audience as 'Entrepreneurs' and 'New Israeli startup companies', and notes 'The entrepreneurs do not have ",no,10-15 hours estimated for a government grant application with budget breakdown,Israeli nexus is implied throughout ('New Israeli startup companies'). The Authority runs a separate Innovation Visa route for foreign technology entrepreneurs.,,Low expected value. Revisit after public launch changes the traction answer.,https://innovationisrael.org.il/en/programs/ideation-tnufa-incentive-program/
306,4.36,Tier 4,verify-first,Not started,AWS Activate,,6  no cash,0,,,rolling,UNKNOWN,Global,credits,"Free, no equity",Self-serve tier open to any builder,no,Under 1 hour,,,Page state could not be read. Open it before spending drafting hours.,https://aws.amazon.com/startups/
307,4.35,Tier 4,verify-first,Not started,Sundai Club / Hacker Combinator,,6  no cash,0,,,rolling,UNKNOWN,"Boston / Cambridge, Massachusetts, USA, plus global chapters",founder community,None - no equity taken,Individual membership model - solo by default,no,"Very low, but not verifiable behind the sign-in gate",Boston/Cambridge for the core community; global chapters exist,,Page state could not be read. Open it before spending drafting hours.,https://www.sundai.club/join
308,4.34,Tier 4,apply-later,Not started,Sequoia Open Source Fellowship (OSS),,6  no cash,0,,,rolling,OPEN,Global - explicitly location agnostic,fellowship,"Zero. ""We do not take any equity or consider this to be an investment in any future company."" ""Any code written before or after the program is yours to decide what to do with.""",Individual fellowship - solo is the default form.,no,"Under an hour. ""simply complete our brief questionnaire and we'll be in touch if your project is a good fit.""","None. ""No, it is location agnostic. You can live and work from anywhere. Digital nomads welcome!"" No travel required.",,Low expected value. Revisit after public launch changes the traction answer.,https://www.sequoiacap.com/oss/
309,4.34,Tier 4,apply-later,Not started,antx.vc — W26,,6  no cash,0,,,rolling,OPEN,Not stated on the page (remote-shaped),accelerator,Described as a VC accelerator; terms not published,Solo-only by design: 'A VC accelerator for solo founders who build with AI.',no,'No pitch deck required. We review every application and respond within 48 hours.' Very low.,,,Low expected value. Revisit after public launch changes the traction answer.,https://antx.vc/
310,4.34,Blocked,apply-later,Not started,GitHub for Startups,,6  no cash,0,,,rolling,OPEN,Global,credits,Non-dilutive,20 seats for a solo founder is mostly wasted headroom; Copilot and Advanced Security are the real value,no,~20 min,,"Quoted: 'Eligible startups must be affiliated with a GitHub for Startups partner, have received outside funding (up to Series B or earlier)'",Low expected value. Revisit after public launch changes the traction answer.,https://github.com/enterprise/startups/partner-application
311,4.34,Tier 4,verify-first,Not started,Founder Residency,,6  no cash,0,2026-05-01,-105,passed,UNKNOWN,"US — Portland, Maine",accelerator,"'Free to attend, with no fees or equity requirements'",Requires the CEO full-time; co-founders 'ideally' also present — solo not barred,no,Application plus an optional call with the programme team,CEO must live in Maine and work full-time on the venture during the programme; global sourcing but on-campus attendance required,,Page state could not be read. Open it before spending drafting hours.,https://roux.northeastern.edu/entrepreneurship/founder-residency/
312,4.3,Tier 4,apply-later,Not started,Maria 01 campus membership,,6  no cash,0,,,rolling,OPEN,Finland (Helsinki),founder community,None; paid membership.,"Fresh Membership tier exists 'for those exploring a business idea', which accommodates a solo pre-entity founder.",no,~1 hour.,Helsinki campus.,,Low expected value. Revisit after public launch changes the traction answer.,https://maria.io/startups/
313,4.3,Tier 4,verify-first,Not started,Sharjah Startup Studio (S3) and Access Sharjah Challenge,,6  no cash,0,,,rolling,UNKNOWN,UAE / Sharjah,accelerator,"""Participate in an equity-free program with no participation charges."" Equity-free and fee-free, which is rare.","Not stated. The published requirement is ""A dedicated full-time founder and development team"" - team-leaning language without a founder-count rule.",no,Not established - no current cycle is published to describe.,"Sharjah, UAE, and the published criterion is a commitment rather than a pre-existing presence: ""Committed to operating and expanding within Sharjah and across t",,Page state could not be read. Open it before spending drafting hours.,https://www.asc.sheraa.ae/s3-program
314,4.3,Tier 4,verify-first,Not started,Hello Tomorrow Global Challenge,,6  no cash,0,,,rolling,UNKNOWN,Global,grant,Equity-free prize,,no,Free to apply; moderate written application,None to apply; finals held at the Hello Tomorrow Summit,,Page state could not be read. Open it before spending drafting hours.,https://hello-tomorrow.org/global-challenge/
315,4.29,Tier 4,verify-first,Not started,WorkOS for Startups,,6  no cash,0,,,rolling,UNKNOWN,Global,credits,Non-dilutive,Unverified,no,Unknown,None known,,Page state could not be read. Open it before spending drafting hours.,https://workos.com/startups
316,4.27,Blocked,apply-later,Not started,The Pitch — Fall 2026 Cohort,,6  no cash,0,,,rolling,OPEN,United States (San Francisco) — 'Incorporated legal entity i,non-dilutive scheme,"'We don't take any equity for participating, and there's no cost to pitch.'",Not addressed; no team requirement published,YES,"'5-minute form... No deck required to apply.' Response within 1-2 weeks, then a 20-minute producer call.",Must be available for the live taping in San Francisco during October 2026,,Low expected value. Revisit after public launch changes the traction answer.,https://www.thepitch.show/apply
317,4.27,Blocked,apply-later,Not started,Erasmus for Young Entrepreneurs (SMP-COSME-2026-EYE),,6  no cash,0,,,rolling,OPEN,EU + participating countries (45 countries listed by the pro,fellowship,Non-dilutive stipend.,Built for individuals. The most explicitly solo-friendly instrument in this lane.,no,"Low — an online profile and business plan, plus matching with a host.",Permanent residence in one of the 45 participating countries.,Likely residence wall: the 'new entrepreneur' must be a permanent resident of a participating country. Residence in Bangalore is very likely,Low expected value. Revisit after public launch changes the traction answer.,https://www.erasmus-entrepreneurs.eu/page.php?cid=19
318,4.27,Blocked,apply-now,Not started,Enterprise Fellowships,,6  no cash,0,2026-08-25,11,B  2-3 weeks,OPEN,UK,fellowship,"'As a charity, we offer funding for a year alongside this comprehensive support completely free: no fees, no equity, and no claim on your IP.'","Requires the applicant to 'want to be the CEO' — individual-centred, so solo is fine",no,Two-stage; Stage 1 closes 2026-08-25,UK universities and research institutes,Two published entry routes only: 'university researchers wishing to spin out from UK universities and research institutes' or 'recent gradua,Closes in 11 days on an open form. Forms are editable; file and refine.,https://enterprisehub.raeng.org.uk/programmes/enterprise-fellowships/
319,4.26,Tier 4,apply-later,Not started,AREA 01,,6  no cash,0,,,rolling,OPEN,India / Bengaluru,residency,Still not published after verification. Neither cost nor equity appears anywhere on the site.,"Built around individual technical builders rather than teams: ""You can ship software independently"" and ""You write and launch functional code without needing a ",no,"Minutes. It is a waitlist form, not an application.","28 days full-time at ""The Villa, Indiranagar, Bangalore, India"". ""You can commit full-time for 28 days"" with no side work. The founder is already in Bangalore.",,Low expected value. Revisit after public launch changes the traction answer.,https://www.area01.space/
320,4.26,Blocked,apply-later,Not started,EIC Accelerator Challenges 2026,,6  no cash,0,,,rolling,OPEN,EU-level (EU Member States + Horizon Europe Associated Count,grant,Grant non-dilutive; equity optional.,Same as Accelerator Open.,no,Same as Accelerator Open.,Same as Accelerator Open.,"Not a legal wall, but the five 2026 challenge themes are all outside this company's domain, so no submittable topic exists.",Low expected value. Revisit after public launch changes the traction answer.,https://eic.ec.europa.eu/eic-funding-opportunities/eic-accelerator_en
321,4.26,Tier 4,apply-later,Not started,"XF2: Experienced Founders Program, London — Fall 2026",,6  no cash,0,,,rolling,OPEN,Europe — London,fellowship,Not published for this track,Individual-based; solo is the default,no,"Registration of interest first, then a full application — near-zero cost to start",London,,Low expected value. Revisit after public launch changes the traction answer.,https://apply.joinef.com/
322,4.25,Tier 4,verify-first,Not started,AGI House - Residency and AGI Accelerator,,6  no cash,0,,,rolling,UNKNOWN,"US (Hillsborough and San Francisco, California)",residency,Not published,"Not published for the residency. Community membership is open to ""all AI enthusiasts"".",no,Community profile takes minutes. Residency/accelerator application path unclear - needs verification.,Bay Area - Hillsborough house and AGI House SF. Events run up to five times a week in the city.,,Page state could not be read. Open it before spending drafting hours.,https://agihouse.ai/
323,4.25,Tier 4,verify-first,Not started,StartX (Visiting Founder track),,6  no cash,0,,,rolling,UNKNOWN,"Palo Alto, California, USA",accelerator,"Zero equity, zero fees",Not readable,no,"Standard application plus, for the Visiting Founder route, recommendations from three StartX founders","Palo Alto, full-time for 12 weeks",,Page state could not be read. Open it before spending drafting hours.,https://startx.com/apply
324,4.25,Tier 4,verify-first,Not started,Intel Liftoff for AI Startups,,6  no cash,0,,,rolling,UNKNOWN,Global / virtual (US-headquartered),credits,"Non-dilutive - ""free, virtual, and open to early-stage AI startups worldwide with no cohorts, no equity, and no limits"" (per Intel community blog, not a programme page)",,no,Not determinable - no application route reachable,None - virtual and global,,Page state could not be read. Open it before spending drafting hours.,https://www.intel.com/content/www/us/en/developer/tools/oneapi/liftoff.html
325,4.25,Tier 4,verify-first,Not started,Sundai Club,,6  no cash,0,,,rolling,UNKNOWN,"United States (MIT and Harvard, Cambridge MA), with satellit",founder community,Non-dilutive; nothing changes hands,Individuals - it is a hacker club,no,Minimal,Weekly Sunday builds in Cambridge MA; satellite events elsewhere (an AI Tinkerers collaboration ran in Paris),,Page state could not be read. Open it before spending drafting hours.,https://www.sundai.club/
326,4.23,Blocked,apply-later,Not started,Linear for Startups,,6  no cash,0,,,rolling,OPEN,Global,credits,Non-dilutive,'fewer than 50 employees' - a solo founder qualifies,no,No direct application exists - you request a redemption link from your partner,,Quoted: 'Only companies affiliated with an official Linear partner can participate.' There is no unaffiliated route - the founder cannot sel,Low expected value. Revisit after public launch changes the traction answer.,https://linear.app/startups
327,4.23,Blocked,apply-later,Not started,EIC Pathfinder Challenges 2026,,6  no cash,0,2026-10-28,75,D  1-3 months,OPEN,EU-level,grant,100% non-dilutive grant.,"Single legal entity may apply for Challenges (unlike Pathfinder Open). No team-size rule, but evaluation rewards multidisciplinary research teams.",YES,"Very high. Full Horizon Europe RIA proposal, typically 100+ hours, needs research-grade novelty framing.",Applicant must be a legal entity established in an EU Member State or Horizon Europe Associated Country.,An EU/AC legal entity must exist to submit. There is no equivalent of the Accelerator's non-associated-third-country short-proposal carve-ou,Low expected value. Revisit after public launch changes the traction answer.,https://eic.ec.europa.eu/eic-funding-opportunities/eic-pathfinder_en
328,4.22,Tier 4,apply-later,Not started,DIFC Innovation Hub startup programmes,,6  no cash,0,,,rolling,OPEN,UAE / Dubai,incubator,,,no,"The community form is long and asks for a business plan, pitch deck, cap table, product roadmap and market research uploads. Several hours, ","Dubai; DIFC Innovation Hub and the Dubai AI Campus, described as the region's largest AI cluster",,Low expected value. Revisit after public launch changes the traction answer.,https://www.innovationhub.difc.ae/join-our-community/as-a-startup
329,4.22,Tier 4,apply-later,Not started,DIFC Innovation Hub startup community,,6  no cash,0,,,rolling,OPEN,UAE / Dubai,incubator,"None stated for community entry. The form asks ""Equity Offered"" as a free-text field.","Not stated. The form asks for Founder Bios as free text, so a solo founder can complete it.",no,"8+ hours, and the heaviest form in the entire lane. Roughly 40 fields plus nine document uploads, several of which do not exist yet for a pr","Dubai. DIFC Innovation Hub and the Dubai AI Campus, described as the region's largest AI cluster.",,Low expected value. Revisit after public launch changes the traction answer.,https://www.innovationhub.difc.ae/join-our-community/as-a-startup
330,4.22,Tier 4,apply-later,Not started,One Million Startups Program,,6  no cash,0,,,rolling,OPEN,"Africa and MENA — Dubai, Nairobi, Abu Dhabi, Cairo, Casablan",incubator,Not published,"Has a dedicated Solo Founders track — the only programme in this sweep with a formal solo-founder category: 'Founders, entrepreneurs and business owners develop",no,,Regionally bound to Africa/MENA participant cities,,Low expected value. Revisit after public launch changes the traction answer.,https://www.onemillionstartups.com/?pid=guidelines
331,4.22,Tier 4,verify-first,Not started,ZEBOX Acceleration Program,,6  no cash,0,,,rolling,UNKNOWN,"France (Marseille), with global hubs",accelerator,"The startup pays 2,000 to 10,000 EUR in total; no equity stated",,no,,"Hybrid, with a three-day in-person kickoff in France",,Page state could not be read. Open it before spending drafting hours.,https://www.ze-box.io/hubs/france
332,4.2,Tier 4,verify-first,Not started,Creative Destruction Lab — Oxford (Artificial Intelligence stream),,6  no cash,0,,,rolling,UNKNOWN,UK — Oxford,accelerator,CDL takes no equity for programme participation.,"No published solo bar; the model is objective-setting sessions with mentors, which works for a solo founder.",no,Moderate written application.,"Oxford — four full-day sessions across nine months, plus a Super Session.",,Page state could not be read. Open it before spending drafting hours.,https://creativedestructionlab.com/apply/
333,4.19,Tier 4,apply-later,Not started,Luxembourg-City Incubator,,6  no cash,0,,,rolling,OPEN,Luxembourg,incubator,Not published.,Not stated.,no,Unknown; form not inspected. Contact info@cityincubator.lu / +352 28 81 01 01.,Luxembourg City.,,Low expected value. Revisit after public launch changes the traction answer.,https://cityincubator.lu/apply/
334,4.19,Tier 4,apply-later,Not started,Startup SuperNova and Hringiða,,6  no cash,0,,,rolling,OPEN,Iceland (Reykjavik),accelerator,Not published.,Not stated.,no,Babele platform form; effort unknown.,Iceland. Every KLAK programme reads as Iceland-domestic; international founder eligibility is stated nowhere on the site.,,Low expected value. Revisit after public launch changes the traction answer.,https://app.babele.co/application-definition/828/
335,4.19,Tier 4,apply-later,Not started,Web Summit ALPHA startup programme,,6  no cash,0,,,rolling,OPEN,Portugal (Lisbon),non-dilutive scheme,None; this is a paid ticket package,Not applicable,no,Roughly 30 minutes; an email-first form followed by a conversation with the startup team,Lisbon for four days in November,,Low expected value. Revisit after public launch changes the traction answer.,https://websummit.com/startups/
336,4.17,Tier 4,apply-later,Not started,Contrary Research Fellowship,,6  no cash,0,2026-10-23,70,D  1-3 months,OPEN,Global (remote),fellowship,"None - this is paid work, not investment.",Not applicable - individual research role.,no,"~2-3 hours. Note the published warning: ""If you submit your application towards the beginning of a quarter, it may take several months befor",None - remote,,Low expected value. Revisit after public launch changes the traction answer.,https://research.contrary.com/fellowship
337,4.17,Tier 4,verify-first,Not started,Endless Frontier Labs,,6  no cash,0,,,rolling,UNKNOWN,"New York City, USA",non-dilutive scheme,Listed by aggregators as non-dilutive; not confirmed on the page,,no,SurveyMonkey Apply portal. Unverified.,"NYU-affiliated, NYC-centred; remote participation not confirmed",none identified,Page state could not be read. Open it before spending drafting hours.,https://nyuefl.smapply.io/
338,4.17,Tier 4,apply-later,Not started,ElevenLabs Grants,$4K,5  under $25K,4000,,,rolling,OPEN,Global,grant,Zero-equity grant,'less than 25 employees at the time of receiving the application' - a solo founder qualifies,no,~20 min. Valid business email required; one application per company.,,,Low expected value. Revisit after public launch changes the traction answer.,https://elevenlabs.io/grants-application
339,4.17,Blocked,apply-later,Not started,EuroHPC AI Factories — Playground Access (AI for Industrial Innovation),,6  no cash,0,,,rolling,OPEN,EU-level (19 AI Factories + 13 AI Factory Antennas across Eu,credits,"Zero equity, zero cash, zero IP claim. Pure compute grant.","Irrelevant — this is an access call assessed on the technical proposal, not on team composition. A one-person SME qualifies.",YES,"Very low for this lane — ""a short application explaining the relevance of their proposal (templates are provided)"", first-come first-served,","""Playground provides quick access to European SMEs and startups."" The access-modes page adds ""The Industrial Innovation Access modes are open and free-of-charge","A European SME must exist — the access mode is scoped to ""European SMEs and startups"". No route for an unincorporated founder or a non-Europ",Low expected value. Revisit after public launch changes the traction answer.,https://access.eurohpc-ju.europa.eu/
340,4.16,Tier 4,verify-first,Not started,Ignite Next,,6  no cash,0,,,rolling,UNKNOWN,Europe (successor to the London-based Intel Ignite),accelerator,"NON-DILUTIVE and ""founder-first"".",Not established.,no,Unknown.,Europe.,,Page state could not be read. Open it before spending drafting hours.,https://ignitenext.com/
341,4.16,Blocked,apply-later,Not started,AI Fund - Build With Us / Engineer in Residence,,6  no cash,0,,,rolling,OPEN,"Mountain View, California, USA",incubator,Venture studio co-founding model. Terms not published; studios typically take a co-founder-scale position.,Individual by design - the EIR is a single person embedded in the studio,no,"It is a job application submitted through Lever, not a startup application.","""Full-time, on-site"" in AI Fund's Mountain View office for 12 weeks","THE PROGRAMME EXPLICITLY EXCLUDES FOUNDERS BRINGING THEIR OWN COMPANY OR IDEA. Verbatim from aifund.ai/build-with-us/: ""This is not a resear",Low expected value. Revisit after public launch changes the traction answer.,https://jobs.lever.co/AIFund/2058ebf8-8edf-4e07-97a9-41ace9899eb1
342,4.16,Blocked,verify-first,Not started,The House AI Accelerator,,6  no cash,0,,,rolling,UNKNOWN,"Berkeley, California, USA",accelerator,"""We invest on a standard SAFE for 7-10%""",,no,"Not verifiable while the cycle status is unresolved. Useful detail on the page: ""Have an offer from another program? Note this in your appli","In person at The House in Berkeley, Wednesdays and Thursdays 12:00-20:00 for 10 weeks","UC BERKELEY AFFILIATION. Verbatim eligibility statement: ""All Cal alumni, faculty, student, and affiliate entrepreneurs, especially those fr",Page state could not be read. Open it before spending drafting hours.,https://www.thehouse.fund/ai-accelerator
343,4.13,Blocked,apply-later,Not started,HubSpot for Startups,,6  no cash,0,,,rolling,OPEN,Global,credits,Non-dilutive,No team-size requirement,no,~15 min,,"Tier 1 (90%) requires either 'Raised Pre-seed, Seed or Series A funding, but not Series B or later' OR affiliation with an approved HubSpot ",Low expected value. Revisit after public launch changes the traction answer.,https://app.hubspot.com/signup-hubspot/hubspot-for-startups
344,4.11,Tier 4,verify-first,Not started,Enterprise Europe Network (EEN),,6  no cash,0,,,rolling,UNKNOWN,EU + more than 60 countries worldwide,founder community,"Free, non-dilutive.",Not a factor.,no,Minimal — contact a local office.,"Primarily EU and associated-country SMEs, but the network operates in 60+ countries and the eligibility of a non-EU applicant was not established. Worth one pha",None established. Whether a non-EU applicant can be served was not resolved and is the open question.,Page state could not be read. Open it before spending drafting hours.,https://een.ec.europa.eu/
345,4.09,Blocked,apply-later,Not started,EuroHPC Development Access and Benchmark Access calls,,6  no cash,0,,,rolling,OPEN,EU and Associated Countries,non-dilutive scheme,"Non-dilutive, no equity","Not applicable - proposals are assessed on technical merit, not team composition",no,"Several hours - a technical proposal, not a form. Requires an account on the EuroHPC JU Access Portal.",Applicants must be established in an EU Member State or Associated Country. This is the binding constraint: the founder is currently in Bangalore with no EU ent,Geographic establishment in an EU Member State or Associated Country is the likely wall. Verify in phase 2 whether a TUM alumni or host-inst,Low expected value. Revisit after public launch changes the traction answer.,https://eurohpc-ju.europa.eu/access-our-supercomputers/eurohpc-access-calls_en
346,4.09,Blocked,apply-later,Not started,EIC Transition 2026 (HORIZON-EIC-2026-TRANSITIONOPEN),,6  no cash,0,2026-09-16,33,C  1-6 weeks,OPEN,EU-level,grant,100% non-dilutive lump-sum grant.,"Individual applicants (SMEs, spin-offs, startups, research institutions) or small consortia of max 5 partners are eligible; no team-size rule.",YES,"High, but moot given the prior-project requirement.",EU Member State or Horizon Europe Associated Country.,"Proposals must build on results already achieved within an eligible prior EU-funded project (EIC Pathfinder, ERC Proof of Concept, Horizon 2",Low expected value. Revisit after public launch changes the traction answer.,https://ec.europa.eu/info/funding-tenders/opportunities/portal/screen/opportunities/topic-details/HORIZON-EIC-2026-TRANSITIONOPEN
347,4.08,Blocked,verify-first,Not started,Accelerate Cambridge,,6  no cash,0,2026-08-14,0,A  this week,UNKNOWN,UK — Cambridge,accelerator,EQUITY-FREE.,"PUBLISHED 2+ FOUNDER RULE — ""Teams must have 2 or more people."" A published rule rather than a preference, so stronger than the Antler or BGV cases.",no,"Online form plus a 60-SECOND PITCH VIDEO uploaded unlisted to YouTube or password-protected on Vimeo, link emailed to accelerate@jbs.cam.ac.","Cambridge; one founder must have a ""Cambridge connection"" (student, alumni, faculty, staff of the University, or resident of the town).","One founder must hold a ""Cambridge connection"" — University student, alumnus, faculty, staff, or resident of Cambridge. No route to acquire ",Page state could not be read. Open it before spending drafting hours.,https://www.jbs.cam.ac.uk/entrepreneurship/programmes/accelerate-cambridge/programmes/apply/
348,4.05,Blocked,verify-first,Not started,Nucleate Activator,,6  no cash,0,,,rolling,UNKNOWN,USA and international chapters,fellowship,Fully non-dilutive - takes no equity,Student-led and individual-friendly,no,Not applicable,Chapter-based across US and international universities,"DOMAIN MISMATCH. Nucleate is a biotech and life-sciences organisation - ""the largest global community of bio-innovators"" whose Activator is ",Page state could not be read. Open it before spending drafting hours.,https://www.nucleate.xyz/
349,4.03,Blocked,verify-first,Not started,Digital Catapult — Machine Intelligence Garage,,6  no cash,0,,,rolling,UNKNOWN,UK,non-dilutive scheme,Non-dilutive.,Not stated.,YES,Historically a pre-registration of interest.,UK.,,Page state could not be read. Open it before spending drafting hours.,https://www.digicatapult.org.uk/expertise/case-studies/study/machine-intelligence-garage/
350,4.03,Tier 4,verify-first,Not started,Workers Launchpad Cohort 7,$2,5  under $25K,2,,,rolling,UNKNOWN,Global,accelerator,Cloudflare itself takes no equity; any investment comes from the participating VCs on their own terms,,no,Moderate,None identified - the programme is remote,,Page state could not be read. Open it before spending drafting hours.,https://www.cloudflare.com/lp/workers-launchpad/
351,4.01,Tier 4,verify-first,Not started,Mistral AI Startup Program (Mistralship),,6  no cash,0,,,rolling,UNKNOWN,Global (France-based),credits,Non-dilutive,Unverified,no,Unknown,"Reported open worldwide, pre-seed to Series A",,Page state could not be read. Open it before spending drafting hours.,https://mistral.ai/
352,4.01,Tier 4,verify-first,Not started,Hugging Face Startup Program,,6  no cash,0,,,rolling,UNKNOWN,Global,credits,Non-dilutive,Unverified,no,Unknown,None known,,Page state could not be read. Open it before spending drafting hours.,https://huggingface.co/enterprise
353,4.0,Blocked,apply-later,Not started,"Mitacs (Accelerate, Accelerate Entrepreneur, Business Strategy Internship)",,6  no cash,0,,,rolling,OPEN,Canada,non-dilutive scheme,Non-dilutive,"Not applicable in the usual sense, since funding attaches to interns rather than founders",no,High. Requires an academic supervisor and a scoped research project.,Canada,Every Mitacs route runs through a Canadian post-secondary institution. Accelerate funds 'research-based internships ... between post-seconda,Low expected value. Revisit after public launch changes the traction answer.,https://www.mitacs.ca/programs-resources/programs/
354,3.98,Blocked,verify-first,Not started,Mitacs Entrepreneur International and Accelerate Entrepreneur,$5K,5  under $25K,5000,,,rolling,UNKNOWN,Canada,non-dilutive scheme,Non-dilutive,Not a published constraint,YES,"Moderate, but requires an academic partner",Canada,"Eligible applicants are ""Canadian startups based in an incubator or accelerator affiliated with a post-secondary institution"" - two conditio",Page state could not be read. Open it before spending drafting hours.,https://www.mitacs.ca/our-programs/
355,3.97,Tier 4,verify-first,Not started,Accelerace pre-seed programmes,,6  no cash,0,,,rolling,UNKNOWN,"Denmark (Copenhagen), serving Nordics and Baltics",accelerator,Equity; terms not published.,Not stated.,no,Unknown; start with the investment-readiness test.,"Described as serving 'pre-traction' startups in the Nordics, Baltics and Italy. Overkill Ventures directs Nordic/Baltic pre-seed startups here.",none established,Page state could not be read. Open it before spending drafting hours.,https://accelerace.io/
356,3.97,Tier 4,verify-first,Not started,Startupbootcamp accelerator programmes,,6  no cash,0,,,rolling,UNKNOWN,Netherlands (Amsterdam),accelerator,Equity; terms not established.,Not stated.,no,Unknown.,Amsterdam.,none established,Page state could not be read. Open it before spending drafting hours.,https://startupbootcamp.org/startups/accelerators
357,3.97,Tier 4,verify-first,Not started,EU Datathon (Publications Office open data competition),,6  no cash,0,,,rolling,UNKNOWN,Worldwide,non-dilutive scheme,"Cash prizes, non-dilutive.",Open to individuals and teams; no entity or team-size requirement recorded.,no,Moderate — requires building a working prototype or application.,"NOTABLE EXCEPTION IN THIS LANE — described as ""open worldwide to anyone who is interested in creating a for-profit or non-profit (social) business model through",None on eligibility. The practical condition is technical: at least one dataset used must come from data.europa.eu.,Page state could not be read. Open it before spending drafting hours.,https://op.europa.eu/en/web/eudatathon
358,3.96,Blocked,apply-later,Not started,HKSTP Incu-Tech Incubation Programme,,6  no cash,0,,,rolling,OPEN,Hong Kong,incubator,"Funding support, equity-free.","Effectively team-requiring through a staffing rule rather than a founder-count rule: the programme requires at least 2 full-time staff working on site, which a ",YES,"Heavy. Business plan, technology description, team credentials and financial projections through the HKSTP portal, then a presentation to an","Hong Kong Science Park, with on-site presence required.","YES, and now confirmed from HKSTP's own page rather than an aggregator: ""Overseas companies must get a Hong Kong business registration"" befo",Low expected value. Revisit after public launch changes the traction answer.,https://itapps.plumsail.io/5ffa6de3-5a92-4c1e-a77f-ab81a2eb44a5
359,3.96,Tier 4,apply-later,Not started,Innovation Visa for a Foreign Technology Entrepreneur,,6  no cash,0,,,rolling,OPEN,Israel,non-dilutive scheme,Not a funding instrument,Designed for individual foreign entrepreneurs,no,Unknown; visa-grade paperwork,Relocation to Israel,,Low expected value. Revisit after public launch changes the traction answer.,https://innovationisrael.org.il/en/programs/tech-innovation-visa/
360,3.96,Tier 4,apply-later,Not started,EntrePass,,6  no cash,0,,,rolling,OPEN,Singapore,non-dilutive scheme,Not a funding instrument,Individual pass holder,no,Visa-grade paperwork plus supporting evidence,Singapore,,Low expected value. Revisit after public launch changes the traction answer.,https://www.mom.gov.sg/passes-and-permits/entrepass/eligibility
361,3.96,Tier 4,verify-first,Not started,Speculative Technologies,,6  no cash,0,,,rolling,UNKNOWN,Global,grant,"Non-dilutive, non-profit research",,no,Unknown,,,Page state could not be read. Open it before spending drafting hours.,https://spec.tech/
362,3.96,Tier 4,verify-first,Not started,HomeLab Accelerator — Cohort 6,,6  no cash,0,2026-08-25,11,B  2-3 weeks,UNKNOWN,"GLOBAL — virtual, 16 weeks (US, Latin America, Europe, Asia)",accelerator,"CHARGES AN APPLICATION FEE, reduced for those applying before the 2026-08-25 early deadline",Not addressed,no,Not established,Global and virtual — 'the virtual format makes it accessible to global founders',,Page state could not be read. Open it before spending drafting hours.,https://www.homelab.vc/
363,3.93,Tier 4,verify-first,Not started,Venturecake (weXelerate accelerator),,6  no cash,0,,,rolling,UNKNOWN,Austria (Vienna),accelerator,"Described as a co-owned accelerator, which implies equity; terms not published",,no,,"Vienna, Praterstrasse 1",,Page state could not be read. Open it before spending drafting hours.,https://www.wexelerate.com/
364,3.93,Tier 4,verify-first,Not started,CyberXcelerator (CDP National Accelerators Network),,6  no cash,0,,,rolling,UNKNOWN,Italy (Cosenza),accelerator,"Equity, via investment vehicles created for each programme",,no,,Based at NTT Data's offices in Cosenza. CDP states its programmes are open to Italian startups and to international ventures looking to open a branch in Italy.,,Page state could not be read. Open it before spending drafting hours.,https://www.cdpventurecapital.it/en/fondo.page?contentId=FND50547
365,3.92,Tier 4,verify-first,Not started,Carbon13,,6  no cash,0,,,rolling,UNKNOWN,UK — Cambridge (also Berlin),incubator,Venture-builder equity terms; not established.,"Venture-builder model — takes individuals and forms teams, so solo entry is standard.",no,Unknown.,Cambridge or Berlin.,,Page state could not be read. Open it before spending drafting hours.,https://carbonthirteen.com/
366,3.91,Tier 4,verify-first,Not started,Blog-Building Intensive Fellowship,,6  no cash,0,,,rolling,UNKNOWN,Global,fellowship,Non-dilutive,Individual writers,no,Written application,10-week online programme plus one in-person retreat,,Page state could not be read. Open it before spending drafting hours.,https://rootsofprogress.org/fellowship/
367,3.91,Tier 4,verify-first,Not started,Gust accelerator directory (multiple live programmes),,6  no cash,0,,,rolling,UNKNOWN,Global,accelerator,Varies by programme,Varies by programme,no,n/a,Varies by programme,"none - source, not a programme",Page state could not be read. Open it before spending drafting hours.,https://gust.com/accelerators/programs
368,3.91,Tier 4,verify-first,Not started,Founders Foundation Accelerator,,6  no cash,0,,,rolling,UNKNOWN,Germany (Bielefeld),accelerator,As a non-profit initiative it takes no shares in the company,Published 2+ rule in the programme PDF: at least two potential business founders,no,"Application form, then an interview, then a pitch to an exclusive jury, then a decision","Bielefeld, full-time, though accelerate.nrw notes remote participation is currently possible. The programme PDF states a willingness to work on site at the Foun",,Page state could not be read. Open it before spending drafting hours.,https://foundersfoundation.de/
369,3.91,Blocked,apply-later,Not started,Innosuisse Start-up Coaching (Initial Coaching),,6  no cash,0,,,rolling,OPEN,Switzerland,non-dilutive scheme,Non-dilutive voucher,Not restricted by team size,YES,"Online application on the Innosuisse platform: business idea description, value proposition, competitive advantage, team description and any","The start-up must have set up a business in Switzerland within the last five years, or be about to incorporate in Switzerland with an existing Swiss address",Requires either a Swiss-incorporated company or an existing Swiss address plus imminent Swiss incorporation. A founder in Bangalore with no ,Low expected value. Revisit after public launch changes the traction answer.,https://www.innosuisse.admin.ch/en/initial-coaching-for-start-up
370,3.9,Blocked,apply-later,Not started,Alfred P. Sloan Foundation,,6  no cash,0,,,rolling,OPEN,"Global, US-centred",grant,Non-dilutive grant,"The page states the Foundation 'seeks proposals for original initiatives led by outstanding individuals or teams', but see the blocker",YES,High,,Two explicit exclusions on the apply page: 'The Foundation does not make grants to individuals except through its Books program' and 'The Fo,Low expected value. Revisit after public launch changes the traction answer.,https://sloan.org/grants/apply
371,3.9,Tier 4,verify-first,Not started,Norrsken House membership (Stockholm / Barcelona),,6  no cash,0,,,rolling,UNKNOWN,"Sweden (Stockholm), Spain (Barcelona)",founder community,"None. Membership fee, no equity.",Not stated. Membership is company or individual level.,no,"Short membership form, reviewed weekly.",Physical presence in Stockholm or Barcelona.,,Page state could not be read. Open it before spending drafting hours.,https://www.norrsken.org/houses/barcelona
372,3.87,Tier 4,verify-first,Not started,SemperVirens Accelerator — Fall 2026 cohort,,6  no cash,0,2026-08-12,-2,passed,UNKNOWN,US — San Francisco and New York City,accelerator,Not published,Not addressed,no,Not established,SF or NYC — 'Come meet us in SF or NYC',,Page state could not be read. Open it before spending drafting hours.,https://www.sempervirensvc.com/
373,3.84,Blocked,apply-later,Not started,EuroHPC AI Factories — Fast Lane and Large Scale Access,,6  no cash,0,,,rolling,OPEN,EU-level,credits,Non-dilutive in-kind compute.,Not a factor.,YES,Higher than Playground — a technical case for a substantial allocation. Still modest by EU standards.,European AI SMEs and startups.,Same as Playground — a European AI SME must exist.,Low expected value. Revisit after public launch changes the traction answer.,https://www.eurohpc-ju.europa.eu/ai-factories/ai-factories-access-modes_en
374,3.84,Tier 4,verify-first,Not started,Bavarian Business Plan Competitions (Munich),,6  no cash,0,,,rolling,UNKNOWN,"Germany (Bavaria, Munich)",non-dilutive scheme,Non-dilutive,,no,Upload a concept to a protected web portal after registering at baystartup.de,Southern Bavaria for the Munich competition,,Page state could not be read. Open it before spending drafting hours.,https://www.baystartup.de/en/business-plan-competitions/munich
375,3.82,Blocked,verify-first,Not started,GC Venture Fellowship (formerly Rough Draft Ventures),$25K,4  $25-100K,25000,,,rolling,UNKNOWN,"US, Canada and UK universities",fellowship,"Standard founder-friendly SAFE for the companies invested in. The fellowship itself is a role, not an investment in the fellow.","Not applicable - this is a scout role, not a founder programme.",no,Moot - ineligible.,"Enrolled at an eligible US, Canadian or UK university.","STUDENT ENROLMENT, plus a category mismatch. Fellows must be ""enrolled at an eligible U.S., Canadian or U.K. university"" with a preference f",Page state could not be read. Open it before spending drafting hours.,https://www.generalcatalyst.com/stories/introducing-the-gc-venture-fellowship
376,3.82,Tier 4,verify-first,Not started,Lanzadera,,6  no cash,0,,,rolling,UNKNOWN,Spain (Valencia),accelerator,Equity-free,Not stated. The page segments applicants by founder stage - founder in expansion versus founder taking first steps - rather than by team size.,no,,"In person at La Marina, Valencia, two to four days per week for at least six months",,Page state could not be read. Open it before spending drafting hours.,https://lanzadera.es/programa/
377,3.81,Blocked,verify-first,Not started,Pear Garage,,6  no cash,0,,,rolling,UNKNOWN,US (Bay Area - Stanford and UC Berkeley),founder community,No equity. Membership programme.,Individual membership.,no,Moot - ineligible.,Bay Area. Access to work out of Pear Studio in SF or Menlo Park.,"STUDENT ENROLMENT AND INSTITUTION. The published audience is ""Stanford and Berkeley engineering students across undergraduate and graduate p",Page state could not be read. Open it before spending drafting hours.,https://pear.vc/programs/dorm/garage/
378,3.8,Tier 4,verify-first,Not started,Figma for Startups,,6  no cash,0,,,rolling,UNKNOWN,Global,credits,Non-dilutive,Unverified,no,Unknown - no application route located,None known,,Page state could not be read. Open it before spending drafting hours.,https://www.figma.com/pricing/
379,3.8,Blocked,apply-later,Not started,EIC STEP Scale Up 2026,,6  no cash,0,,,rolling,OPEN,EU-level,non-dilutive scheme,"EQUITY ONLY — fully dilutive. Does not belong in the non-dilutive lane on its terms, and requires the company to be raising a private round of EUR 50M or above.",Not addressed; irrelevant at this stage gate.,YES,Investment-grade due diligence process.,EU Member State or Associated Country establishment.,Stage wall: the instrument exists to co-invest alongside private rounds of EUR 50M+. A pre-revenue private beta is orders of magnitude below,Low expected value. Revisit after public launch changes the traction answer.,https://eic.ec.europa.eu/eic-funding-opportunities_en
380,3.79,Tier 4,verify-first,Not started,Replicate startup credits,,6  no cash,0,,,rolling,UNKNOWN,Global,credits,Non-dilutive,Unverified,no,Unknown,None known,,Page state could not be read. Open it before spending drafting hours.,https://replicate.com/
381,3.78,Tier 4,verify-first,Not started,The Intelligent Accelerator (Advanced Program for AI-powered B2B startups),,6  no cash,0,,,rolling,UNKNOWN,"California, USA - delivered online via Gust",accelerator,not specified,,no,Unverified,"California-registered but Gust-delivered, likely online",none identified,Page state could not be read. Open it before spending drafting hours.,https://gust.com/programs/business-ai-advanced-program-the-intelligent-accelerator
382,3.78,Tier 4,verify-first,Not started,Village Global network,,6  no cash,0,,,rolling,UNKNOWN,"Global, San Francisco centred",founder community,Venture fund; investing is the stated activity,,no,Not applicable,Network events largely in San Francisco,,Page state could not be read. Open it before spending drafting hours.,https://www.villageglobal.com/
383,3.78,Tier 4,verify-first,Not started,Fractal Accelerator,,6  no cash,0,,,rolling,UNKNOWN,United States (New York City),accelerator,Not verified.,Not stated.,no,Unverified.,"New York City, in person.",,Page state could not be read. Open it before spending drafting hours.,https://www.fractaltech.nyc/
384,3.78,Tier 4,verify-first,Not started,Global Entrepreneur in Residence (GEIR),,6  no cash,0,,,rolling,UNKNOWN,"United States (Massachusetts, New Jersey, California, Ohio)",non-dilutive scheme,None. No equity.,Individual programme.,no,Unverified. Varies by university.,"Relocation to the sponsoring university's state, with a minimum of 8 hours per week on campus.",Probable but NOT confirmed. Search summaries describe participants as 'typically current or recently graduated international students' at th,Page state could not be read. Open it before spending drafting hours.,https://babson.edu/entrepreneurship-center/startup-incubation/global-entrepreneur-in-residence-program/
385,3.77,Blocked,verify-first,Not started,ClickHouse Cloud Startup Program,,6  no cash,0,,,rolling,UNKNOWN,Global,credits,Non-dilutive,,no,Unknown for the general route,None known,"The only quantified route found is gated: 'Eligible startups are in the current Y Combinator program, pre-Series D, and new to ClickHouse Cl",Page state could not be read. Open it before spending drafting hours.,https://clickhouse.com/deals/ycombinator
386,3.77,Tier 4,verify-first,Not started,GO AUSTRIA (Global Incubator Network Austria),,6  no cash,0,,,rolling,UNKNOWN,"Austria (Vienna), targeting founders from Asia and India",non-dilutive scheme,Non-dilutive market-access programme,,no,,On-site week in Vienna,,Page state could not be read. Open it before spending drafting hours.,https://www.go-austria.com/
387,3.76,Tier 4,verify-first,Not started,QSTP Incubation Program,,6  no cash,0,,,rolling,UNKNOWN,Qatar,incubator,not sourced,,no,Initial application or expression of interest,"Doha, Qatar",,Page state could not be read. Open it before spending drafting hours.,https://qstp.qa/programs/
388,3.75,Tier 4,verify-first,Not started,AGI House SF,,6  no cash,0,,,rolling,UNKNOWN,United States (San Francisco),residency,None stated.,Not applicable — individual residency.,no,Unknown. Likely relationship-driven rather than form-driven.,"San Francisco, live-in for roommates; events are attendance-based.",,Page state could not be read. Open it before spending drafting hours.,https://agihouse.ai/
389,3.73,Tier 4,verify-first,Not started,Scaleway Startup Program (Founders / Early Stage / Growth),,6  no cash,0,,,rolling,UNKNOWN,"Europe (France-based, EU-sovereign)",credits,Non-dilutive,Reported '<50 employees' ceiling - a solo founder qualifies,no,Reported route is email to startup-program@scaleway.com rather than a public form,"Reported: 'Any startup going to market is welcome to apply regardless of vertical, especially when tackling the EU market'",,Page state could not be read. Open it before spending drafting hours.,https://www.scaleway.com/en/startup-program/
390,3.73,Tier 4,verify-first,Not started,Meta AI Startup Program (AI Startup Accelerator) at STATION F,,6  no cash,0,,,rolling,UNKNOWN,France (Paris),accelerator,,,no,,"Offices at Station F, Paris. Language listed as French.",,Page state could not be read. Open it before spending drafting hours.,https://www.hec.edu/en/institutes-and-centers-expertise/innovation-entrepreneurship/our-centers/incubation-et-acceleration-center/meta-ai-startup-program
391,3.72,Blocked,apply-later,Not started,1517 Fund Medici Project grant,$1K,5  under $25K,1000,,,rolling,OPEN,North America only,grant,"Fully non-dilutive: 'This is a no strings attached grant - we don't own you, your project, any IP generated, future equity in anything you generate'","Individual-friendly; aimed at 'high school, college students, and dropouts'",no,"Under 1 hour, but a video is mandatory: email any partner with a five-minute Loom covering who you are, why you are passionate about the pro",North America,"Geography. The page states 'we are unable to issue grants to teams based outside of North America', and the founder is currently in Bangalor",Low expected value. Revisit after public launch changes the traction answer.,https://1517fund.com/medici/
392,3.7,Tier 4,verify-first,Not started,"Rockstart programmes (AgriFood, Energy, Emerging Tech)",,6  no cash,0,,,rolling,UNKNOWN,Netherlands (Amsterdam) and Denmark (Copenhagen),accelerator,Equity; terms not published.,Not stated.,no,"Typeform, likely 1-2 hours.","Amsterdam, Copenhagen, Bogotá.",none established,Page state could not be read. Open it before spending drafting hours.,https://rockstart1.typeform.com/to/qoieotFj
393,3.7,Blocked,verify-first,Not started,fal Research Grants / Startup Credits,,6  no cash,0,,,rolling,UNKNOWN,Global,credits,Non-dilutive,Unverified,no,Reported as a request form with company details and chosen programme,None known,"The two quantified fal deals found (fal.ai/a16z, fal.ai/ef) are both gated on portfolio membership of a specific investor. Whether the ungat",Page state could not be read. Open it before spending drafting hours.,https://fal.ai/grants
394,3.7,Tier 4,verify-first,Not started,KERNEL Fellowship,$1.2K,5  under $25K,1200,,,rolling,UNKNOWN,Global (remote),fellowship,None. Costs money rather than providing it.,Individual fellowship.,no,Unverified.,None. Remote.,,Page state could not be read. Open it before spending drafting hours.,https://apply.kernel.community/
395,3.7,Tier 4,verify-first,Not started,Pioneers,,6  no cash,0,,,rolling,UNKNOWN,"France (Paris), with a one-month US residency",accelerator,"100,000 EUR for 7% of the company","Explicitly built around individuals: spend a four-week expedition with 35 pioneers to meet your co-founder. Solo applicants are the default input, not an except",no,,"Programme based in Paris at Station F, plus a one-month Silicon Valley residency",,Page state could not be read. Open it before spending drafting hours.,https://thepioneer.vc
396,3.7,Tier 4,verify-first,Not started,Kickstart Innovation,,6  no cash,0,,,rolling,UNKNOWN,Switzerland (Zurich),accelerator,Zero equity taken from startups,,no,,"In-person events in Zurich, including the opening ceremony, an executive dinner and a week of intensive one-to-ones",,Page state could not be read. Open it before spending drafting hours.,https://www.kickstart-innovation.com/join-startup
397,3.7,Tier 4,verify-first,Not started,Vienna Startup Package,,6  no cash,0,,,rolling,UNKNOWN,Austria (Vienna),non-dilutive scheme,Non-dilutive,,no,,"Vienna, for a defined soft-landing period",,Page state could not be read. Open it before spending drafting hours.,https://wirtschaftsagentur.at/
398,3.69,Tier 4,verify-first,Not started,Founders Factory — Venture Studio,,6  no cash,0,,,rolling,UNKNOWN,UK — London,incubator,Studio tracks typically take materially more equity than the accelerator. Not stated.,Not stated.,no,Same funnel: form → investment manager call → committee.,London.,,Page state could not be read. Open it before spending drafting hours.,https://form.typeform.com/to/XdvluIs5
399,3.69,Tier 4,verify-first,Not started,Startupbootcamp,,6  no cash,0,,,rolling,UNKNOWN,UK — London (plus international verticals),accelerator,"""In exchange for a small equity stake"" (aggregator).",Not established.,no,Moderate. Reported ~1% acceptance.,"Three-month in-person programmes, sector-specific by city.",,Page state could not be read. Open it before spending drafting hours.,https://www.startupbootcamp.org/
400,3.69,Tier 4,verify-first,Not started,BITSoM VERTEX,,6  no cash,0,,,rolling,UNKNOWN,India,incubator,Unknown,Unknown,no,Unknown,"India; applications invited from ""Founders from across India""",,Page state could not be read. Open it before spending drafting hours.,https://www.ceoinsightsindia.com/news/bitsom-debuts-vertex-to-bring-silicon-valley-innovation-to-india-nwid-24629.html
401,3.68,Tier 4,verify-first,Not started,Zebras Unite Co-Op,,6  no cash,0,,,rolling,UNKNOWN,"Global - chapters from Tokyo to Brisbane, London to Singapor",founder community,Member-owned co-op - you buy in. Membership fees exist; pricing and tiers were described as being redesigned. No equity taken in your company.,Not gated,no,"Under 5 minutes. ""The membership application takes less than five minutes to complete, and puts you in the queue.""",None. Chapter-based globally.,,Page state could not be read. Open it before spending drafting hours.,https://zebrasunite.coop/join
402,3.68,Tier 4,verify-first,Not started,Kernel,,6  no cash,0,,,rolling,UNKNOWN,"Global (online, 8-week blocks)",fellowship,"No equity. One-time fee of $500 USDC or ETH equivalent once accepted, with an extensive need-based scholarship programme: ""We never want money to be the reason you don't apply.""",Individual fellowship. Can apply solo or as a team.,no,~2-3 hours. Moot until a block is announced.,"None - fully online, Slack-based, with weekly Thursday firesides.",,Page state could not be read. Open it before spending drafting hours.,https://apply.kernel.community/
403,3.68,Blocked,apply-later,Not started,Startup India Seed Fund Scheme (SISFS),,6  no cash,0,,,rolling,OPEN,India,grant,"Grant and debt/convertible debentures. ""A startup applicant can avail seed support in the form of grant and debt/convertible debentures each once as per the guidelines of the scheme.""",No team-size requirement published.,YES,Online application through the SISFS portal to a chosen incubator. A startup application guide book is published.,India. Funds are disbursed through eligible incubators across India.,"Yes, and now confirmed from the scheme's own eligibility page rather than assumed: ""A startup, recognized by DPIIT, incorporated not more th",Low expected value. Revisit after public launch changes the traction answer.,https://seedfund.startupindia.gov.in/
404,3.68,Blocked,apply-later,Not started,Future Founders Fellowship,,6  no cash,0,,,rolling,OPEN,India / Bengaluru,fellowship,Not applicable - no company is funded.,"Individual selection - ""A small group of Fellows will be selected"" - which would have suited a solo founder, but the eligibility gate makes it moot.",no,Typeform application. Not worth assessing given the eligibility wall.,"""Bangalore, in person, full-time"" - ""Available full-time in Bangalore for 8 weeks"".","YES - a genuine eligibility wall, and it disposes of this row entirely. This is an UNDERGRADUATE SUMMER INTERNSHIP, not a founder programme.",Low expected value. Revisit after public launch changes the traction answer.,https://form.typeform.com/to/PmOg2xw5
405,3.68,Tier 4,verify-first,Not started,Renaissance Philanthropy,,6  no cash,0,,,rolling,UNKNOWN,Global,grant,Non-dilutive,,no,Not applicable - no open application exists,,,Page state could not be read. Open it before spending drafting hours.,https://www.renaissancephilanthropy.org/programs/
406,3.68,Tier 4,verify-first,Not started,The Navigation Fund,,6  no cash,0,,,rolling,UNKNOWN,Global,grant,Non-dilutive philanthropic grant,,no,Unknown,,,Page state could not be read. Open it before spending drafting hours.,https://www.navigation.org/grants
407,3.68,Tier 4,verify-first,Not started,Anthropic Economic Futures Research Fund,,6  no cash,0,,,rolling,UNKNOWN,"Global, with a stated UK and Europe arm",grant,Non-dilutive research grant,Research fund; not founder-shaped,no,Unknown,"Global, with a UK and Europe programme launched November 2025",,Page state could not be read. Open it before spending drafting hours.,https://www.anthropic.com/economic-futures
408,3.67,Tier 4,verify-first,Not started,Furthr Foundry,,6  no cash,0,,,rolling,UNKNOWN,Ireland — Dublin,accelerator,Not stated.,Not stated.,no,Unknown.,12-week IN-PERSON programme in Dublin.,,Page state could not be read. Open it before spending drafting hours.,https://furthr.ie/accelerators/
409,3.65,Tier 4,verify-first,Not started,Merantix Venture Studio,,6  no cash,0,,,rolling,UNKNOWN,Germany (Berlin),incubator,Equity; terms not published,"The studio model includes co-founder matching, so individuals are in scope",no,,Berlin,,Page state could not be read. Open it before spending drafting hours.,https://www.merantix.com/platform
410,3.64,Blocked,verify-first,Not started,Barclays Black Founder Accelerator,,6  no cash,0,,,rolling,UNKNOWN,UK,accelerator,Equity-free.,No solo bar.,no,3-stage application process.,"UK, virtual plus in-person.",Programme eligibility is restricted to Black founders.,Page state could not be read. Open it before spending drafting hours.,https://labs.uk.barclays/what-we-offer/our-programmes/barclays-black-founder-accelerator/
411,3.63,Tier 4,verify-first,Not started,TUM Venture Labs,,6  no cash,0,,,rolling,UNKNOWN,Germany (Munich),incubator,,,no,,Munich,,Page state could not be read. Open it before spending drafting hours.,https://www.tum-venture-labs.de/offerings/founders-teams
412,3.62,Tier 4,verify-first,Not started,Xpreneurs Incubator,,6  no cash,0,2026-12-01,109,E  3 months+,UNKNOWN,Germany (Munich),incubator,Not verified,Not verified,no,Not verified,Munich; hybrid per the aggregator listing,,Page state could not be read. Open it before spending drafting hours.,https://www.xpreneurs.io/
413,3.62,Tier 4,verify-first,Not started,Cisco Scale Hub Start-up Program at STATION F,,6  no cash,0,,,rolling,UNKNOWN,France (Paris),accelerator,,,no,,"STATION F, Paris",,Page state could not be read. Open it before spending drafting hours.,https://stationfteam.notion.site/Cisco-Scale-Hub-Start-up-Program-STATION-F-32eb25275c9c80e7ae40f25485846bb1
414,3.62,Tier 4,verify-first,Not started,Cegid Startup Program at STATION F,,6  no cash,0,,,rolling,UNKNOWN,France (Paris),accelerator,,,no,,Full-time on the project and on campus at Station F for the whole programme,,Page state could not be read. Open it before spending drafting hours.,https://www.cegid.com/fr/lpm/cegid-startup-program/
415,3.62,Tier 4,verify-first,Not started,Unicorn Factory Lisboa (Incubation and Scaling Up),,6  no cash,0,,,rolling,UNKNOWN,Portugal (Lisbon),incubator,Not published,,no,Application plus acceptance at a Jury Session for the acceleration programme,Lisbon,,Page state could not be read. Open it before spending drafting hours.,https://unicornfactorylisboa.com/
416,3.61,Tier 4,verify-first,Not started,Grace,$2.7K,5  under $25K,2725,,,rolling,UNKNOWN,Germany,fellowship,Equity-free,,no,Unverified,Germany,none identified,Page state could not be read. Open it before spending drafting hours.,https://incubatorlist.com/grace
417,3.61,Tier 4,verify-first,Not started,EXIST-Gruenderstipendium,,6  no cash,0,,,rolling,UNKNOWN,Germany,grant,Non-dilutive scholarship,"Solo founders are explicitly funded - the material-expenses tier distinguishes up to 10,000 EUR for single founders versus up to 30,000 EUR for teams",no,,Germany; the venture must be built at or with the sponsoring German university,,Page state could not be read. Open it before spending drafting hours.,https://exist.de/en/programm/gruendungsstipendium/
418,3.61,Blocked,verify-first,Not started,SAP.iO Foundry Berlin and Munich,,6  no cash,0,,,rolling,UNKNOWN,Germany (Berlin and Munich),accelerator,Equity-free,,YES,,Berlin or Munich,,Page state could not be read. Open it before spending drafting hours.,https://sap.io/foundry-munich/
419,3.6,Tier 4,verify-first,Not started,Sundai Club and Sundai Hacker Combinator,,6  no cash,0,,,rolling,UNKNOWN,"US (Boston / Cambridge, Massachusetts)",founder community,Not published,Not gated; hacks are individual and teams form on the day.,no,Unknown - no application form located.,"Boston / Cambridge, in person at MIT. Demo Days are partially remote-accessible: ""People outside Boston will be able to join too!""",,Page state could not be read. Open it before spending drafting hours.,https://www.sundai.club/
420,3.6,Tier 4,verify-first,Not started,F6S Programs directory,,6  no cash,0,,,rolling,UNKNOWN,Global — the application platform behind hundreds of acceler,founder community,N/A,N/A,no,"Free account creation, then per-programme forms",N/A,,Page state could not be read. Open it before spending drafting hours.,https://www.f6s.com/programs
421,3.6,Tier 4,verify-first,Not started,Cerebras Supernova Startup Program,,6  no cash,0,,,rolling,UNKNOWN,Global,credits,Unverified,Unverified,no,Unknown - contact-form route,None known,,Page state could not be read. Open it before spending drafting hours.,https://www.cerebras.ai/startup-deal
422,3.6,Tier 4,verify-first,Not started,Reforge membership,,6  no cash,0,,,rolling,UNKNOWN,Global (online),founder community,None. Subscription.,Not applicable. No selection.,no,"None. Purchase, no application.",None.,,Page state could not be read. Open it before spending drafting hours.,https://www.reforge.com/pricing/launch
423,3.6,Tier 4,verify-first,Not started,Product-Led Alliance Pro Membership,,6  no cash,0,,,rolling,UNKNOWN,Global (online),founder community,None. Subscription.,Not applicable.,no,None. Purchase.,None.,,Page state could not be read. Open it before spending drafting hours.,https://www.productledalliance.com/membership/
424,3.6,Blocked,apply-later,Not started,Bourse French Tech and Bourse French Tech Emergence,,6  no cash,0,,,rolling,OPEN,France,grant,"Non-dilutive grant covering up to 50% of eligible spend, up to 70% depending on company category",Not applicable,YES,,France,"The stated profile is ""PME au sens de la Definition Europeenne"" - an existing French or EU SME. The Emergence variant additionally requires ",Low expected value. Revisit after public launch changes the traction answer.,https://www.bpifrance.fr/catalogue-offres/bourse-french-tech
425,3.57,Tier 4,verify-first,Not started,Founder Institute — FI Core,,6  no cash,0,,,rolling,UNKNOWN,"Global, 200+ cities including Bangalore, Berlin, London",incubator,FI takes equity via a warrant and charges a course fee. Exact terms vary by chapter and were not verified.,"Explicitly built for solo, idea-stage founders — FI's core audience is pre-team.",no,Low. Online form plus an aptitude assessment. Budget 1-2 hours.,Chapter-based and part-time; a Bangalore or virtual chapter would require no relocation.,,Page state could not be read. Open it before spending drafting hours.,https://fi.co/apply
426,3.57,Blocked,verify-first,Not started,Microsoft GenAI Studio at STATION F,,6  no cash,0,,,rolling,UNKNOWN,France (Paris),accelerator,The page states the programme is entirely free for startups; no equity mentioned,,YES,,"STATION F, Paris; two desks; workshops every Thursday for 1 to 2 hours","The page states ""Pour 15 startups francaises"" - French startups only, which implies a French entity. Treat as a conditional wall rather than",Page state could not be read. Open it before spending drafting hours.,https://aka.ms/GenAIStudio
427,3.55,Tier 4,verify-first,Not started,Hexa Start (formerly eFounders),,6  no cash,0,,,rolling,UNKNOWN,"France and Belgium (Paris, Brussels), with time in San Franc",incubator,25% of the company to Hexa,"Designed for individuals; Hexa helps you meet the ideal co-founder. Applications are per person, by role, either CEO or CTO.",no,,"Paris or Brussels studio, plus time living and working in San Francisco",,Page state could not be read. Open it before spending drafting hours.,https://apply.hexa.com/apply?track=business
428,3.54,Tier 4,verify-first,Not started,Hub71 Initiate,,6  no cash,0,,,rolling,UNKNOWN,UAE / Abu Dhabi,incubator,"""Hub71 does not take equity in startups joining Initiate. Equity agreements vary by venture builder."" Hub71 takes nothing, but the operating venture builder may.",Not addressed on the page.,no,Separate application form at /program/initiate/apply. Effort not published.,"Abu Dhabi. Includes office space at Hub71 and soft-landing support, with up to 1 year of Hub71 support including licensing.",,Page state could not be read. Open it before spending drafting hours.,https://www.hub71.com/program/initiate/apply
429,3.54,Blocked,verify-first,Not started,J-Startup and JETRO Global Acceleration Hub,,6  no cash,0,,,rolling,UNKNOWN,Japan,non-dilutive scheme,Non-dilutive,Not a published constraint,YES,"Selection is by recommendation from designated recommenders, not by open application",Japan,J-Startup selects Japanese companies. JETRO's separate support for foreign entrepreneurs is aimed at those establishing or expanding a busin,Page state could not be read. Open it before spending drafting hours.,https://www.j-startup.go.jp/en/
430,3.54,Blocked,verify-first,Not started,Perplexity for Startups,,6  no cash,0,,,rolling,UNKNOWN,Global,credits,Non-dilutive,Unverified,no,Unknown,None known,Aggregators report 'Must be associated with an approved startup partner'. Unverified - the page could not be read.,Page state could not be read. Open it before spending drafting hours.,https://www.perplexity.ai/startups
431,3.54,Blocked,verify-first,Not started,Lambda Research Program,,6  no cash,0,,,rolling,UNKNOWN,Global,grant,Non-dilutive,Not applicable - assessed on research merit,no,Unknown,None known,"The offer located is framed for researchers showcasing work, not for startups. Whether a commercial product like Supaprod qualifies is unver",Page state could not be read. Open it before spending drafting hours.,https://lambda.ai/research
432,3.53,Blocked,verify-first,Not started,Wayra Germany (Residency and Investment),,6  no cash,0,,,rolling,UNKNOWN,Germany (Munich),accelerator,Strategic equity investment from Telefonica's CVC,,YES,,The Residency is explicitly for Munich-based tech startups. The client and investment tracks are not geographically scoped on the page.,,Page state could not be read. Open it before spending drafting hours.,https://www.wayra.de/for-startups
433,3.51,Blocked,verify-first,Not started,Tech Nation Upscale,,6  no cash,0,,,rolling,UNKNOWN,UK,founder community,None.,"Not stated; the programme addresses a founder plus C-suite, presuming a company with executives.",YES,Moderate.,UK.,,Page state could not be read. Open it before spending drafting hours.,https://technation.io/programmes/upscale/
434,3.48,Tier 4,verify-first,Not started,Founder Institute Munich,,6  no cash,0,,,rolling,UNKNOWN,Germany (Munich),accelerator,"Entrance fee of 499 EUR early or 699 EUR standard, plus an FI equity warrant",Explicitly built for solo founders,no,Roughly 1 hour plus an aptitude test,Virtual First - all required sessions are online,,Page state could not be read. Open it before spending drafting hours.,https://fi.co/apply/munich
435,3.48,Tier 4,verify-first,Not started,Founder Institute Madrid,,6  no cash,0,,,rolling,UNKNOWN,Spain (Madrid),accelerator,Entrance fee plus an FI equity warrant,Explicitly built for solo founders,no,Roughly 1 hour plus an aptitude test,Virtual-first for most FI chapters,,Page state could not be read. Open it before spending drafting hours.,https://fi.co/apply/madrid
436,3.47,Blocked,verify-first,Not started,Grants for Market Clarification / Commercialisation phase 1 and 2,,6  no cash,0,,,rolling,UNKNOWN,Norway,non-dilutive scheme,Non-dilutive grant.,Not stated.,YES,Unknown; a common application template covers several schemes. There is also a 'rapid assessment tool' at raskavklaring.innovasjonnorge.no w,"Norway. Notably, 'Registered Norwegian Branches of Foreign Companies (NUF) have the opportunity to apply, provided their operations and projects are situated wi","none confirmed; the ID-porten login requires a Norwegian national identity number, which is a practical barrier for a non-resident",Page state could not be read. Open it before spending drafting hours.,https://start.innovasjonnorge.no/
437,3.47,Blocked,verify-first,Not started,Technology Development Fund (Tækniþróunarsjóður),,6  no cash,0,,,rolling,UNKNOWN,Iceland,non-dilutive scheme,Non-dilutive grant.,Not stated.,YES,Electronic submission via the Rannís application portal; effort unknown.,The fund's stated role is 'to support development and research in the field of technology aimed at innovation in the Icelandic economy' — an Icelandic nexus is ,none established; an Icelandic entity is near-certain but unconfirmed,Page state could not be read. Open it before spending drafting hours.,https://en.rannis.is/funding/research/technology-development-fund/
438,3.47,Tier 4,verify-first,Not started,1517 Fund Medici Grants,$1K,5  under $25K,1000,,,rolling,UNKNOWN,North America,grant,"'This is a no strings attached grant — we don't own you, your project, any IP generated, future equity in anything you generate.' Fully non-dilutive.",Individual and collaborator grants both supported.,no,Very low. Write in about the Medici Program.,Reportedly North America only — the binding constraint if true.,,Page state could not be read. Open it before spending drafting hours.,https://www.1517fund.com/medici
439,3.47,Tier 4,verify-first,Not started,Founder-in-Residence (FIR),,6  no cash,0,,,rolling,UNKNOWN,US — San Francisco Bay Area,residency,Not published,FIR programmes are individual-based by construction,no,Low — an Ashby application form,'Work side by side with our partners in San Francisco Bay Area',,Page state could not be read. Open it before spending drafting hours.,https://jobs.ashbyhq.com/embedding-vc/c6140da2-a8ed-418f-9dde-2db79f4b368d
440,3.47,Tier 4,verify-first,Not started,LUISS EnLabs Acceleration Program,,6  no cash,0,,,rolling,UNKNOWN,"Italy (Rome, with a Milan space)",accelerator,Equity investment; percentage not published,,no,,Rome or Milan,,Page state could not be read. Open it before spending drafting hours.,https://lventuregroup.com/en/
441,3.47,Tier 4,verify-first,Not started,PoliHub acceleration and Call4Startups,,6  no cash,0,,,rolling,UNKNOWN,Italy (Milan),incubator,Not published,,no,,Milan,,Page state could not be read. Open it before spending drafting hours.,https://polihub.it/en/category/programmi-en/
442,3.46,Tier 4,verify-first,Not started,Founders of the Future,,6  no cash,0,,,rolling,UNKNOWN,UK,founder community,Not established.,Not established.,no,Unknown.,UK.,,Page state could not be read. Open it before spending drafting hours.,https://technation.io/programmes/foundersofthefuture/
443,3.44,Tier 4,verify-first,Not started,John Templeton Foundation,,6  no cash,0,,,rolling,UNKNOWN,Global,grant,Non-dilutive grant,,YES,High. A two-stage inquiry then full proposal.,,,Page state could not be read. Open it before spending drafting hours.,https://www.templeton.org/funding-areas
444,3.43,Blocked,apply-later,Not started,Beyond Beta — Batch #15,,6  no cash,0,,,rolling,OPEN,Denmark,accelerator,'free to participate in as it is EU-funded'.,Requires 'a committed founder team' — wording implies a team but does not publish a minimum number.,YES,Est. 4-8 hours.,Denmark.,"Danish CVR number required at submission: 'The CVR-number of the company may not be older than 7 years, when you submit your application' — ",Low expected value. Revisit after public launch changes the traction answer.,https://beyondbeta.ehsys.dk/workshops/vis/0a14e167-1f38-4782-8149-9160f972ef54
445,3.43,Tier 4,verify-first,Not started,UK Innovator Founder Visa — endorsement route,,6  no cash,0,,,rolling,UNKNOWN,UK,non-dilutive scheme,None.,Individual route; solo is standard. An endorsing body assesses YOU and YOUR business idea.,no,"Moderate-to-high: an endorsing body application plus assessment questions or interviews, with a £1,000 endorsement fee. The business must be",You must run the business in the UK. No prior UK presence needed to seek endorsement.,,Page state could not be read. Open it before spending drafting hours.,https://www.gov.uk/government/publications/endorsing-bodies-innovator-founder-and-scale-up-visas
446,3.43,Blocked,verify-first,Not started,OpenAI for Startups,,6  no cash,0,,,rolling,UNKNOWN,Global,credits,Non-dilutive,Unverified,no,Unknown until the page can be read,None known,"Reported to require a referral code from a partner VC or accelerator (Sequoia, a16z, Thrive, Kleiner, YC and others). Unverified - the page ",Page state could not be read. Open it before spending drafting hours.,https://openai.com/startups/
447,3.43,Blocked,verify-first,Not started,Supabase Startup Program,,6  no cash,0,,,rolling,UNKNOWN,Global,credits,Non-dilutive,Unverified,no,Unknown - no form located,None known,Aggregators claim 'verified affiliation with an approved VC firm or startup accelerator' is required and that the route is through a partner,Page state could not be read. Open it before spending drafting hours.,https://supabase.com/solutions/startups
448,3.43,Blocked,verify-first,Not started,Groq for Startups (Partner Program),,6  no cash,0,,,rolling,UNKNOWN,Global,credits,Non-dilutive,Unverified,no,Unknown; startups@groq.com is the stated contact,None known,"Described as 'an exclusive opportunity for hand-selected scaling companies', with eligibility 'determined at Groq's sole discretion'. If acc",Page state could not be read. Open it before spending drafting hours.,https://groq.com/groq-partner-program
449,3.42,Tier 4,verify-first,Not started,Pioneers AI Lab,,6  no cash,0,,,rolling,UNKNOWN,"Europe — Station F, Paris",incubator,Prize-based; terms not published,'the top 8 AI builders in Europe' — individual-based,no,Not established,"Weekly on-site Saturday sessions at STATION F, Paris, for 3 months; daily async progress in between",,Page state could not be read. Open it before spending drafting hours.,https://www.pioneerslab.ai/
450,3.41,Tier 4,verify-first,Not started,Merantix AI Campus (Residency and Community),,6  no cash,0,,,rolling,UNKNOWN,Germany (Berlin),residency,Not stated.,Not stated.,no,Unverified — entry appears to be via a contact form rather than a structured application.,"Berlin, in person.",,Page state could not be read. Open it before spending drafting hours.,https://www.merantix-aicampus.com/community
451,3.4,Tier 4,verify-first,Not started,IGNITE Accelerator Programme,,6  no cash,0,2026-08-09,-5,passed,UNKNOWN,"UK and Ireland — London, Manchester, Edinburgh, Belfast, Dub",accelerator,Not established.,Aimed at FIRST-TIME FOUNDERS; no solo bar stated.,no,Unknown.,Eight UK and Irish cities including Dublin and Belfast.,,Page state could not be read. Open it before spending drafting hours.,https://ignitecomp.co.uk/accelerator/
452,3.39,Blocked,verify-first,Not started,AcceleratorX — Cohort 1,,6  no cash,0,,,rolling,UNKNOWN,Europe — EU-based founding teams,accelerator,Case-by-case; 'our terms are founder-friendly',Requires 'at least one technical co-founder' on an EU-based founding team,no,6–8 weeks from submission to decision,'EU-based founding teams','led by EU-based founding teams with at least one technical co-founder'. The founder is currently in Bangalore and solo. The EU-residence re,Page state could not be read. Open it before spending drafting hours.,https://acceleratorx.eu/
453,3.39,Tier 4,verify-first,Not started,Demium / Mission Incubation Programme,,6  no cash,0,,,rolling,UNKNOWN,"Spain (Madrid, Valencia and other hubs)",incubator,Equity; terms not published,"Explicitly welcomes solo founders - reported as open to solo founders as well as existing co-founding teams, and as not requiring a fixed concept on arrival",no,,Spain,,Page state could not be read. Open it before spending drafting hours.,https://www.demium.com/apply
454,3.39,Tier 4,verify-first,Not started,Portugal Startup Visa,,6  no cash,0,,,rolling,UNKNOWN,Portugal,non-dilutive scheme,,,no,"A viable and innovative business plan approved by a certified incubator, then an IAPMEI submission, then the visa application itself","Portugal. Grants two years of residency, a path to permanent residence, and citizenship eligibility after five years.",,Page state could not be read. Open it before spending drafting hours.,https://startupportugal.com/
455,3.33,Blocked,apply-later,Not started,1517 Fund Medici Project,$1K,5  under $25K,1000,,,rolling,OPEN,North America only,grant,"Zero. ""This is a no strings attached grant - we don't own you, your project, any IP generated, future equity in anything you generate, etc.""",Individual-first; collaborators can share a grant.,no,Moot. Would be ~30 minutes: a five-minute Loom video.,"North America. ""1517 supports hackers and makers all over the world through community and mentorship but unfortunately due to international regulations and rule","TWO INDEPENDENT WALLS. (1) Eligibility is ""high school, college students, and dropouts"" plus deep tech scientists - the form's own selector ",Low expected value. Revisit after public launch changes the traction answer.,https://www.1517fund.com/medici
456,3.33,Tier 4,verify-first,Not started,Techstars Paris,,6  no cash,0,,,rolling,UNKNOWN,France (Paris),accelerator,Standard Techstars terms if the programme runs,Techstars historically prefers 2+ founders but publishes no hard bar,no,,"Paris, if it runs",,Page state could not be read. Open it before spending drafting hours.,https://apply.techstars.com/
457,3.32,Blocked,verify-first,Not started,28DIGITAL Champions (formerly EIT Digital Challenge),,6  no cash,0,,,rolling,UNKNOWN,EU Member States + Horizon Europe Associated Countries,accelerator,Non-dilutive support services.,Not addressed; the gates are company-level.,YES,Moderate.,Incorporated in an EU Member State or associated country.,Traction wall in recent editions: companies must be incorporated in an EU-27 or associated country after 1 January 2015 AND have either annu,Page state could not be read. Open it before spending drafting hours.,https://www.eit.europa.eu/our-activities/opportunities/eit-digital-challenge-scale-your-deep-tech-business
458,3.3,Blocked,verify-first,Not started,Medici Project grants,$1K,5  under $25K,1000,,,rolling,UNKNOWN,North America,grant,"Fully non-dilutive - ""1517 doesn't own you, your project, any IP generated, future equity in anything you generate""","Individuals; aimed at ""makers not movers & shakers""",no,Very low - email any 1517 partner with a five-minute Loom video,"Reported: ""must be based in North America""","Reported North America residency requirement, which the founder does not satisfy from Bangalore. Also framed for ""high school students, coll",Page state could not be read. Open it before spending drafting hours.,https://www.1517fund.com/medici
459,3.27,Blocked,verify-first,Not started,ITEA 4 — Call 2026 (Eureka Cluster for software innovation),,6  no cash,0,2026-11-02,80,D  1-3 months,UNKNOWN,Pan-European (Eureka member and associated countries),non-dilutive scheme,Non-dilutive national grant funding.,"Not addressed; the constraint is consortium composition, not founder count.",YES,"Very high and long-cycle: Project Outline, then Letter of Intent, then Full Project Proposal five months later, with partner recruitment in ","""Project consortia need to have at least two different partners from two different countries, of which one must be a Eureka Member Country and another one eithe",Consortium requirement plus an entity in a Eureka country; not reachable solo and pre-incorporation.,Page state could not be read. Open it before spending drafting hours.,https://itea4.org/current-call.html
460,3.27,Blocked,verify-first,Not started,European Digital Innovation Hubs (EDIH) — Test Before Invest and free SME services,,6  no cash,0,,,rolling,UNKNOWN,EU Member States + Digital Europe associated countries (83 E,credits,"Fully non-dilutive, no equity, no repayment.","Not a factor — hubs serve companies, and a one-person SME qualifies.",YES,"Very low — a conversation with a local hub and a short service request. Hours, not weeks.",EU Member State or Digital Europe associated country establishment. A European legal entity is required — this is the decisive lane answer for EDIH.,"An EU or associated-country company must exist. ""Eligible for funding are companies and public institutions from EU Member States and associ",Page state could not be read. Open it before spending drafting hours.,https://european-digital-innovation-hubs.ec.europa.eu/
461,3.27,Blocked,verify-first,Not started,EIC Scaling Club 2.0,,6  no cash,0,,,rolling,UNKNOWN,EU-level,founder community,Free and non-dilutive.,Not addressed.,YES,Low — an expression-of-interest survey.,European deep tech companies.,"Stage and thematic gates: members are selected on ""potential to build world-class businesses"" in named domains (Agri & Food Tech, Batteries ",Page state could not be read. Open it before spending drafting hours.,https://eic.ec.europa.eu/eic-funding-opportunities/bas/eic-scaling-club_en
462,3.26,Blocked,verify-first,Not started,EIT Jumpstarter 2026,,6  no cash,0,2026-05-17,-89,passed,UNKNOWN,EIT Regional Innovation Scheme (RIS) countries only,incubator,Non-dilutive prizes.,Designed for early-stage individual innovators; solo-friendly in principle.,no,Low-moderate.,EIT RIS country.,"Geographic eligibility wall. Applicants must be from EIT RIS-eligible countries — a defined list of EU Member States (Bulgaria, Croatia, Cyp",Page state could not be read. Open it before spending drafting hours.,https://eitjumpstarter.eu/
463,3.26,Blocked,verify-first,Not started,French Tech Tremplin - Incubation (Edition 5),,6  no cash,0,,,rolling,UNKNOWN,France,non-dilutive scheme,Non-dilutive,,no,,France,"Diversity eligibility criteria require applicants to reside in a French priority policy area (QPV) or a rural zone, or to come from a socioe",Page state could not be read. Open it before spending drafting hours.,https://app.bel.bpifrance.fr/subscribe/french-tech-tremplin
464,3.23,Blocked,verify-first,Not started,Tenity Singapore Incubation (Batch VII),,6  no cash,0,,,rolling,UNKNOWN,Singapore / Southeast Asia,incubator,"SGD 70K for 2.5% equity, PLUS a programme participation fee of SGD 15K payable by the startup. Net of the fee that is roughly SGD 55K for 2.5% - and it is one of only two programmes in this lane where the founder pays to",Not stated.,no,Not established - no live batch page exists to describe it. Scouting contact is scouting@tenity.com.,"""Tenity mainly focuses on startups coming from Singapore and South-East Asia.""","Conditional and material even if a batch opens: ""For startups from other countries in the region... they are happy to receive applications, ",Page state could not be read. Open it before spending drafting hours.,https://www.tenity.com/programs/
465,3.23,Blocked,verify-first,Not started,J-Startup,,6  no cash,0,,,rolling,UNKNOWN,Japan,non-dilutive scheme,Non-dilutive support programme,,YES,Not an open application,Japan,"Selection is by recommendation, not application. The page states companies are 'Recommended by top venture capitalists, accelerators, and co",Page state could not be read. Open it before spending drafting hours.,https://www.j-startup.go.jp/en/
466,3.23,Blocked,verify-first,Not started,Open Horizons Project (equity-free grants for women-led deep tech and digital startups),,6  no cash,0,2025-08-21,-358,passed,UNKNOWN,EU Member States + Horizon Europe Associated Countries,grant,Equity-free.,Not addressed beyond the leadership criterion.,YES,Moderate.,"""Based in an EU Member State or Horizon Europe-associated country.""","Gender eligibility wall: ""Led by at least one woman in a key executive role (CEO, CTO, or Founder) with minimum 25% ownership."" The founder ",Page state could not be read. Open it before spending drafting hours.,https://www.openhorizonsproject.eu
467,3.19,Blocked,verify-first,Not started,ICURe Explore,,6  no cash,0,,,rolling,UNKNOWN,UK,non-dilutive scheme,Non-dilutive.,Research-team based.,no,Moderate.,"UK academic labs, research institutes, incubators or national facilities.","Restricted to UK academic and research-institute teams: ""ICURe Explore is open to research teams in the UK excluding those from incorporated",Page state could not be read. Open it before spending drafting hours.,https://www.setsquared.co.uk/programme/icure-programme/
468,3.19,Blocked,verify-first,Not started,Eureka Globalstars — multilateral call with India,,6  no cash,0,,,rolling,UNKNOWN,"India + Austria, Belgium (Flanders), Finland, France, Nether",non-dilutive scheme,Non-dilutive.,Not addressed.,YES,High.,Indian entity plus at least one entity in a participating European country.,"Two independent walls. (1) Scope is healthcare, agriculture and water — a product-lifecycle AI platform is off-theme. (2) The Indian partici",Page state could not be read. Open it before spending drafting hours.,https://www.eurekanetwork.org/programmes-and-calls/globalstars/
469,3.16,Blocked,verify-first,Not started,"Startup Fund (Pre-Seed, Seed and DeepTech tracks)",,6  no cash,0,,,rolling,UNKNOWN,Israel,non-dilutive scheme,"""The Innovation Authority provides non-dilutive funding and will not take equity or any voting rights in the company""",Not a published constraint,YES,Substantial - full R&D application,Israel,Requires an Israeli-registered company with significant operations in Israel. Foreign entrepreneurs can only access IIA programmes through s,Page state could not be read. Open it before spending drafting hours.,https://innovationisrael.org.il/en/programs/startup-fund/
470,3.16,Tier 4,verify-first,Not started,INiTS SCALEup Incubation,,6  no cash,0,,,rolling,UNKNOWN,Austria (Vienna),incubator,No participant costs stated; any equity position is not published,Not restricted by team size,no,"Registration form, then a free non-binding interview within seven days, then qualification workshops and a pitch to a project advisory board",Listed as one of four expectations: ready to found your startup in Vienna,,Page state could not be read. Open it before spending drafting hours.,https://www.inits.at/en/registration/
471,3.16,Tier 4,verify-first,Not started,Nana Bianca,,6  no cash,0,,,rolling,UNKNOWN,Italy (Florence),incubator,Not published,,no,,Florence,,Page state could not be read. Open it before spending drafting hours.,https://www.nanabianca.it/en
472,3.15,Blocked,verify-first,Not started,Eureka Network Projects (bilateral and multilateral calls),,6  no cash,0,,,rolling,UNKNOWN,Pan-European + Eureka associated countries,non-dilutive scheme,Non-dilutive national grants.,Not addressed.,YES,High; two national processes run in parallel.,Entities in at least two Eureka countries.,Same structural wall as Eurostars: entities in at least two Eureka countries.,Page state could not be read. Open it before spending drafting hours.,https://www.eurekanetwork.org/apply/
473,3.14,Blocked,verify-first,Not started,WILCO (Enterprise Software track),,6  no cash,0,,,rolling,UNKNOWN,France (Paris region),accelerator,No equity taken,,YES,,WILCO One is reserved for innovative tech startups set up less than three years ago in the Paris region,"WILCO One requires a company already set up in the Paris region. Whether the other tracks carry the same rule was not verified. If it holds,",Page state could not be read. Open it before spending drafting hours.,https://www.wilco-ambitions.com/en/startup/calls-for-applications/
474,3.05,Blocked,verify-first,Not started,New European Bauhaus Prizes 2026,,6  no cash,0,2026-03-22,-145,passed,UNKNOWN,EU + international strand (extended to Moldova and Ukraine),non-dilutive scheme,"Cash prizes, non-dilutive.",Open to individuals and to young talents; solo-friendly.,no,Moderate.,EU plus the international strand.,"Thematic wall. The New European Bauhaus concerns sustainability, aesthetics and inclusion in the built and lived environment — architecture,",Page state could not be read. Open it before spending drafting hours.,https://prizes.new-european-bauhaus.europa.eu/
475,3.04,Blocked,verify-first,Not started,Digital Europe Programme 2026 — DIGITAL-2026-BESTUSE-10 and DIGITAL-2026-SKILLS-10,,6  no cash,0,2026-10-01,48,D  1-3 months,UNKNOWN,EU Member States + Digital Europe associated countries,grant,"Non-dilutive grants, typically 50% co-funding, 100% for some topics.",Not addressed; consortium-level instrument.,YES,"Very high — full EU consortium proposal with partners, work packages and co-funding. 100+ hours and months of partner assembly.",Legal entities established in EU Member States or Digital Europe associated countries. A European legal entity IS required to apply.,"Fit rather than eligibility. The 2026 topics are skills, deployment and public-good oriented (digital skills for AI uptake, Safer Internet C",Page state could not be read. Open it before spending drafting hours.,https://ec.europa.eu/info/funding-tenders/opportunities/portal/screen/programmes/digital
476,3.04,Blocked,verify-first,Not started,AI Testing and Experimentation Facilities (AI TEFs) — sectorial open calls,,6  no cash,0,,,rolling,UNKNOWN,EU Member States + Digital Europe associated countries,grant,Non-dilutive cascade funding.,Not a factor.,YES,Low to moderate — cascade calls are deliberately lighter than mainline EU calls.,EU SME criteria plus EU or associated-country establishment. A European legal entity is required.,"Sector fit is the practical wall: the four TEFs are agri-food, manufacturing, healthcare, and smart cities and communities. A horizontal pro",Page state could not be read. Open it before spending drafting hours.,https://digital-strategy.ec.europa.eu/en/policies/testing-and-experimentation-facilities
477,3.04,Blocked,verify-first,Not started,European Innovation Procurement Awards (EUIPA),,6  no cash,0,,,rolling,UNKNOWN,EU + Horizon Europe Associated Countries,non-dilutive scheme,Non-dilutive.,Not applicable.,YES,Not applicable.,EU or Associated Country procuring organisations.,Wrong beneficiary class. EUIPA rewards PROCURERS — public and private buying organisations that procured innovation well — not the innovatin,Page state could not be read. Open it before spending drafting hours.,https://eic.ec.europa.eu/eic-prizes/european-innovation-procurement-awards_en
478,3.01,Blocked,verify-first,Not started,Eureka Innowwide (market feasibility / viability assessment grants),,6  no cash,0,,,rolling,UNKNOWN,"EU + Iceland, Israel, Norway, Switzerland, Türkiye, UK",grant,Fully non-dilutive.,"Not addressed — this funds a company's market-entry study, not a cohort.",YES,"Low by EU standards — a single-company feasibility proposal, no consortium. Perhaps 15-25 hours.","""You can apply if you are an SME or startup from an EU Member State, Iceland, Israel, Norway, Switzerland, Türkiye or the United Kingdom."" Applications must als","An EU/associated SME must exist to apply. No consortium is needed, which is unusual and favourable.",Page state could not be read. Open it before spending drafting hours.,https://www.eurekanetwork.org/programmes-and-calls/innowwide/
479,3.0,Blocked,verify-first,Not started,Innovation Radar Prize,,6  no cash,0,,,rolling,UNKNOWN,EU-level,non-dilutive scheme,Non-dilutive.,Not addressed.,YES,"Not applicable — nomination is derived from EU project data, not submitted.",Participants in EU-funded projects.,Closed population. Candidates are identified by the Innovation Radar from the results of EU-FUNDED projects — only innovators inside EU-fund,Page state could not be read. Open it before spending drafting hours.,https://innovation-radar.ec.europa.eu/innoradarprize
480,2.94,Blocked,verify-first,Not started,EIC Pathfinder Open 2026,,6  no cash,0,2026-05-12,-94,passed,UNKNOWN,EU-level,grant,100% non-dilutive grant.,Default route requires at least 3 independent entities from 3 different Member States/Associated Countries; a single entity may apply in its own right but most ,YES,"Very high, full RIA proposal.",EU Member State or Horizon Europe Associated Country establishment.,"An EU/AC legal entity must exist to submit, and the default route requires a 3-entity, 3-country consortium.",Page state could not be read. Open it before spending drafting hours.,https://ec.europa.eu/info/funding-tenders/opportunities/portal/screen/opportunities/calls-for-proposals?callIdentifier=HORIZON-EIC-2026-PATHFINDEROPEN
481,2.9,Blocked,verify-first,Not started,EUIPO SME Fund 2026 (Ideas Powered for Business),,6  no cash,0,2026-12-04,112,E  3 months+,UNKNOWN,European Union,credits,Non-dilutive fee reimbursement.,Not a factor.,YES,"Very low — a voucher application, then reimbursement claims. A few hours.",EU-established SME. A European legal entity is required — the decisive lane answer for EUIPO.,An EU-established SME must exist. No route for a non-EU or unincorporated applicant.,Page state could not be read. Open it before spending drafting hours.,https://www.euipo.europa.eu/en/sme-corner/sme-fund/2026
482,2.89,Closed,skip,Not started,Learning Engineering Tools Competition,$3M,1  $1M+,3000000,,,rolling,CLOSED,Global,grant,Non-dilutive prize,"Page states the competition ""welcome[s] individuals and teams at all phases of development""",no,Multi-phase written submission with a learning-science research component,Global,,Closed on its own page.,https://tools-competition.org/
483,2.88,Blocked,verify-first,Not started,Hotbed,,6  no cash,0,,,rolling,UNKNOWN,UK,founder community,Not established.,Not stated.,no,Low — register interest.,UK.,"Requires £75,000+ raised OR £75,000 revenue in the past six months. Supaprod has zero revenue and no external capital, failing both limbs.",Page state could not be read. Open it before spending drafting hours.,https://www.hotbed.co/
484,2.88,Blocked,verify-first,Not started,JetBrains Startup Program,,6  no cash,0,,,rolling,UNKNOWN,Global,credits,Non-dilutive,No team-size requirement; 10 licences far exceeds a solo founder's need,YES,~15 min,None known,"Reported requirement that the startup be 'privately held, established less than 5 years ago, and have a website or existing public reference",Page state could not be read. Open it before spending drafting hours.,https://www.jetbrains.com/startups/
485,2.83,Closed,skip,Not started,Unusual Academy,$1M,1  $1M+,1000000,,,rolling,CLOSED,"Menlo Park, California, USA",accelerator,"Uncapped SAFE for up to $1M in the next financing, plus a 3% program fee","PUBLISHED TEAM-SIZE RULE FOUND: ""Teams should be 2 - 4 members with at least 1 technical co-founder."" A stated 2+ founder expectation - recorded as a stance, an",no,Not applicable this cycle,"One week in person in Menlo Park, California (phase 1 said Bay Area generally; the page says Menlo Park)",,Closed on its own page.,https://www.unusual.vc/academy/
486,2.81,Closed,skip,Not started,Astera Institute Residency,$1.5M,1  $1M+,1500000,,,rolling,CLOSED,"Emeryville, California, USA",residency,"Fully non-dilutive - residents are typically Astera employees. ""If you already have an existing organization, we can work with that structure as well.""","Individual-first - ""The application will be tied to one primary applicant""; co-founders welcome",no,"Not applicable this cycle. Historically substantial: a 2-minute video plus 8 questions of under 1000 characters each, then an intro call, a ","""Residents must be able to work onsite in Emeryville, CA, for the duration of their residency."" Relocation and visa support offered.",,Closed on its own page.,https://astera.org/residency/
487,2.78,Blocked,verify-first,Not started,European Prize for Women Innovators / EIC Rising Innovators,,6  no cash,0,2025-09-25,-323,passed,UNKNOWN,EU + Horizon Europe Associated Countries,non-dilutive scheme,"Cash prizes, fully non-dilutive.",Individual prize — solo-friendly by construction.,YES,Low to moderate for a prize application.,EU or Horizon Europe Associated Country.,"Gender eligibility wall across the prize as published. The EIC Rising Innovators category is described as targeting ""promising innovators un",Page state could not be read. Open it before spending drafting hours.,https://www.eit.europa.eu/our-activities/opportunities/european-prize-women-innovators-2026-call
488,2.77,Blocked,verify-first,Not started,NRC Industrial Research Assistance Program (IRAP),,6  no cash,0,,,rolling,UNKNOWN,Canada,non-dilutive scheme,Non-dilutive contribution funding,,YES,High. An advisor relationship is required before any application.,Canada,"IRAP's long-standing published requirement is an incorporated, profit-oriented Canadian SME with employees. The founder has no Canadian enti",Page state could not be read. Open it before spending drafting hours.,https://nrc.canada.ca/en/support-technology-innovation/financial-support-technology-innovation
489,2.75,Closed,skip,Not started,Astera Residency,$1.5M,1  $1M+,1500000,,,rolling,CLOSED,"United States (Emeryville, California)",residency,Non-dilutive. The residency 'offers non-dilutive funding for open projects that may be a one-off public good or a precursor to a future for-profit or non-profit organization.',"Explicitly welcomes single applicants and co-founders alike: 'The application will be tied to one primary applicant, but there is room to add information about ",no,"8-12 hours. Initial application requires a 2-minute video of you describing the project plus 8 questions each under 1,000 characters. Later ","Hard onsite requirement: 'Residents must be able to work onsite in Emeryville, CA, for the duration of their residency.' Relocation and visa support are offered",,Closed on its own page.,https://astera.org/residency/
490,2.71,Closed,skip,Not started,Focal Founder Residency (Miami),$1M,1  $1M+,1000000,,,rolling,CLOSED,"US (Miami, Florida)",residency,"Upfront money is an uncapped SAFE with MFN, explicitly to offset relocation costs. ""This is NOT an accelerator taking 7+% for a small check!""","Explicitly accepts solo, with a dedicated solo tier. ""Hyper selective: 10 startups only (<1% acceptance, can be teams or solo founders)"" and the upfront cheque ",no,"~2-3 hours when open. Explicitly welcomes the earliest stage: ""There's no 'too early' - apply with nothing more than your drive to build a v","Miami relocation required for all co-founders, costs offset. Minimum 6 days per week in office for 3+ months, plus Sunday office hours with focal.",,Closed on its own page.,https://www.focal.vc/residency
491,2.67,Blocked,verify-first,Not started,Apply AI Startup Award 2026,,6  no cash,0,2026-07-22,-23,passed,UNKNOWN,European Union,non-dilutive scheme,Non-dilutive; no money changes hands.,Not addressed; the gate is company-level.,YES,"Low if nominated, impossible if not.",EU headquarters plus EU majority ownership.,"Three walls. (1) ""be headquartered in the European Union and be directly majority-owned, meaning more than 50% of the capital is held by ent",Page state could not be read. Open it before spending drafting hours.,https://www.f6s.com/apply-ai-startup-award
492,2.63,Blocked,verify-first,Not started,Horizon Europe Cluster 4 — Challenge-Driven GenAI4EU Booster (HORIZON-CL4-2026-04-DIGITAL-EMERGING-19),,6  no cash,0,2026-04-15,-121,passed,UNKNOWN,"EU + eligible countries (EU Member States, Iceland, Norway, ",grant,Non-dilutive grant.,Not applicable.,YES,Extremely high.,Legal entity established in an eligible country.,Consortium instrument — collaborative Horizon Europe projects require at least three independent legal entities from three different Member ,Page state could not be read. Open it before spending drafting hours.,https://ec.europa.eu/info/funding-tenders/opportunities/portal/screen/opportunities/topic-details/HORIZON-CL4-2026-04-DIGITAL-EMERGING-19
493,2.63,Blocked,verify-first,Not started,European Innovation Ecosystems (EIE) 2026 CONNECT calls,,6  no cash,0,2026-03-10,-157,passed,UNKNOWN,EU-level,grant,Non-dilutive grants.,Not applicable.,YES,Very high.,"EU or Associated Country legal entities, usually in consortia.","Wrong beneficiary class. These calls fund ecosystem BUILDERS — accelerators, investment networks, university hubs, technology transfer offic",Page state could not be read. Open it before spending drafting hours.,https://eismea.ec.europa.eu/funding-opportunities/calls-proposals/european-startup-and-scaleup-hubs-pilot-horizon-eie-2026-02-connect-01_en
494,2.6,Closed,skip,Not started,Startup Battlefield 200,$100K,3  $100-250K,100000,,,rolling,CLOSED,Global,grant,Equity-free prize,No published team-size rule,no,Moderate - requires a working MVP and a clear product demonstration,None to apply; the event is in San Francisco,,Closed on its own page.,https://techcrunch.com/startup-battlefield/
495,2.57,Closed,skip,Not started,Founders Battle pitch competition (TechChill),$1.09M,1  $1M+,1090000,,,rolling,CLOSED,Latvia (Riga),grant,"Mixed — the pool includes an investment prize, so part of it is not equity-free.",Not stated.,no,"Unknown. Judging is via the HopoHopo platform, with 'at least 4 independent evaluations by qualified investors' per application.",NO BALTIC-ONLY RULE IS PUBLISHED. Phase 1 inferred one from the 'TOP 20 Baltic startups' framing in third-party coverage; the programme's own page says only 'Th,,Closed on its own page.,https://www.techchill.co/techchill-founders-battle
496,2.56,Closed,skip,Not started,AI Grant,$250K,2  $250K-1M,250000,,,rolling,CLOSED,Global applicants; summit and demo day in San Francisco,accelerator,"""$250,000 on an uncapped SAFE for your AI-native product startup"" - a no cap, no discount MFN SAFE.","No published team requirement. ""we're looking for technical & pragmatic founders who want to ship.""",no,Moot while closed. Between batches the canonical inbound path is email.,"Summit in San Francisco with advisors and founders, plus a Demo Day. Global applicants accepted.",,Closed on its own page.,http://aigrant.com/
497,2.53,Closed,skip,Not started,Mozilla Builders Accelerator,$100K,3  $100-250K,100000,,,rolling,CLOSED,Global,accelerator,"Non-dilutive, no equity taken",Individual project leads accepted in the 2024 cohort,no,Unknown for the next cycle,None; 200 applicants from 44 countries in the first cohort,,Closed on its own page.,https://builders.mozilla.org/programs/
498,2.49,Closed,skip,Not started,Neo Residency,$750K,2  $250K-1M,750000,,,rolling,CLOSED,"US (San Francisco, plus Oregon bootcamp and Arizona demo day",residency,"Startups: $750K uncapped on a YC standard SAFE, and Neo takes participation rights in your next equity round to buy up to 5% total ownership. Each founder gets a $10K profit share of Neo fund carry. Students: $40K equity","The FAQ carries ""Do you accept solo or non-technical founders?"" but the answer was not captured in the retrieved content.",no,Moot for this cycle.,Three months at the Neo SF space plus a two-week Oregon bootcamp plus an Arizona closing trip.,"GEOGRAPHY (probable, needs confirming). The residency page states ""We'll accept startup teams and students based in North America."" The foun",Closed on its own page.,https://neo.com/residency
499,2.47,Closed,skip,Not started,Long-Term Future Fund,$500K,2  $250K-1M,500000,,,rolling,CLOSED,Global,grant,Non-dilutive grant,"""welcomes applications from individuals and organizations globally"" - individuals explicitly fundable, unlike SFF",no,Low to moderate,Global,,Closed on its own page.,https://funds.effectivealtruism.org/apply-for-funding
500,2.13,Closed,skip,Not started,TinySeed,$220K,3  $100-250K,220000,,,rolling,CLOSED,Remote (US-administered),accelerator,Historically approximately 8-12%; not stated on the current apply page,Not stated on the current page. TinySeed has historically funded solo founders explicitly and prices its cheque by team size.,no,Not applicable this cycle,NONE - fully remote. The only programme in this lane with a real cheque and no location requirement whatsoever.,,Closed on its own page.,https://apply.tinyseed.com/
501,2.1,Closed,skip,Not started,NDRC Accelerator,$109K,3  $100-250K,109000,,,rolling,CLOSED,Ireland — Dublin,accelerator,Founder-friendly SAFE.,"No solo restriction stated. The page describes seeking ""teams with unique domain insight, aligned on vision"" — a preference expressed in team language, not a pu",no,N/A while closed.,"3 ""core"" weeks on-site at Dogpatch Labs, Dublin Docklands; the rest facilitated virtually. FAQ notes they work with ""international startups that have a strong i",,Closed on its own page.,https://www.ndrc.ie/accelerator
502,2.1,Closed,skip,Not started,MIT delta v,$75K,4  $25-100K,75000,,,rolling,CLOSED,"Cambridge, Massachusetts, USA",accelerator,Fully equity-free,"SOLO FOUNDERS EXPLICITLY WELCOMED - a correction to phase 1, which recorded this as not stated. Verbatim from the ""delta v is for you if..."" list: ""You have a s",no,Not applicable this cycle,"In person at MIT, Cambridge, over the summer",,Closed on its own page.,https://entrepreneurship.mit.edu/accelerator/
503,2.09,Closed,skip,Not started,O'Shaughnessy Fellowships,$100K,3  $100-250K,100000,,,rolling,CLOSED,Global,fellowship,Fully non-dilutive: 'Go from idea to reality while keeping 100% ownership',"Individual fellowship for 'researchers, builders and creatives advancing civilization'",no,Unknown until the form re-opens; historically a written application plus video,"None. Past awardees span Navajo language work, Zambia and documentary film.",,Closed on its own page.,https://forms.osv.llc/fellowships2026
504,2.02,Closed,skip,Not started,Vercel AI Accelerator,,6  no cash,0,,,rolling,CLOSED,"Remote with demo day in San Francisco, USA",accelerator,Non-dilutive - no equity mentioned,"The ""participants"" framing suggests individuals are eligible",no,Not applicable - the form is closed,Programme appears remote; demo day is in person in San Francisco,,Closed on its own page.,https://vercel.com/ai-accelerator
505,2.01,Closed,skip,Not started,AngelPad,$120K,3  $100-250K,120000,,,rolling,CLOSED,"San Francisco and New York City, USA",accelerator,~7%,Page states 'Anyone from anywhere can apply' and both individual founders and teams appear eligible,no,not applicable while closed,SF and NYC; 12-week programme,"none identified - closed, not blocked",Closed on its own page.,https://angelpad.com/
506,1.99,Closed,skip,Not started,Backdrop Build,$500K,2  $250K-1M,500000,,,rolling,CLOSED,"San Francisco, USA",accelerator,Previously reported at 7%,not applicable,no,not applicable,not applicable,Programme appears defunct - the domain is listed for sale and serves no application path.,Closed on its own page.,https://backdrop.build/
507,1.93,Closed,skip,Not started,Conception X — Venture Scientist 100,$127K,3  $100-250K,127000,,,rolling,CLOSED,UK — national (cross-university),fellowship,Not-for-profit; no equity taken for the programme itself.,"Flexible on team setup — solo founder or team, pre-idea through early-stage.",no,Unknown until the form opens.,UK universities.,"Programme is ""For technical PhDs ready to test the founder path"" — participants build a venture in parallel with an active PhD at a UK unive",Closed on its own page.,https://www.conceptionx.org/venture-scientist-100
508,1.9,Closed,skip,Not started,Llama Impact Grants,$500K,2  $250K-1M,500000,,,rolling,CLOSED,"Global, with regional tracks",grant,Non-dilutive grant,Individuals may apply only as representatives of an organisation,YES,6-10 hours estimated when open,"Global, with regional track events","Two conditions from the published grant terms, both currently unmet. 'Only individuals affiliated with a valid business, non-profit organiza",Closed on its own page.,https://ai.meta.com/blog/llama-3-1-impact-grants-call-for-applications/
509,1.88,Closed,skip,Not started,Katapult Accelerator,$545K,2  $250K-1M,545000,,,rolling,CLOSED,Norway (Oslo),accelerator,Not applicable.,Not applicable.,no,Not applicable — no application exists.,Not applicable.,"The accelerator no longer exists as an applicable programme. Katapult has restructured into funds, a platform, a foundation and an event.",Closed on its own page.,https://katapult.vc/
510,1.86,Closed,skip,Not started,Unusual Ventures Academy,$1M,1  $1M+,1000000,,,rolling,CLOSED,"Menlo Park, California, USA",accelerator,Uncapped SAFE plus a 3% programme fee,HARD REQUIREMENT AGAINST SOLO. Page states: 'Teams should be 2 – 4 members with at least 1 technical co-founder.',YES,not applicable,"One week in-person in Menlo Park, California","Two independent walls. First, a published minimum team size: 'Teams should be 2 – 4 members with at least 1 technical co-founder' - this is ",Closed on its own page.,https://www.unusual.vc/academy
511,1.84,Closed,skip,Not started,Cosmos Fellowship,$75K,4  $25-100K,75000,,,rolling,CLOSED,Global,fellowship,Non-dilutive fellowship,"Individuals - ""both experienced researchers, and promising junior talent""",no,Expression of interest is short; full application unknown,"No geographic restriction stated; fellows placed at leading AI labs, research groups and the Human-Centred AI Lab at Oxford",,Closed on its own page.,https://www.cosmos-institute.org/research-and-fellowships
512,1.83,Closed,skip,Not started,Fit 4 Start (call #17 closed; #18 expected),$163.5K,3  $100-250K,163500,,,rolling,CLOSED,Luxembourg,accelerator,Equity-free.,"Published rule: 'Team composed of at least 2 people'. Per the binding rules this is one condition and not a stop, but it is an explicit published minimum rather",no,Est. 10-15 hours.,"Luxembourg. Verticals for the last call were digital, health technologies, space, and a new defence vertical.",,Closed on its own page.,https://luxinnovation.lu/assess-and-accelerate/fit4start
513,1.74,Closed,skip,Not started,imec.istart Belgium — Autumn 2026 call,$327K,2  $250K-1M,327000,2026-09-30,47,D  1-3 months,CLOSED,"Belgium (Ghent, Antwerp, Hasselt, Liège)",accelerator,Convertible loan.,"Stated criteria ask for 'a complementary team' — a preference, not a published minimum.",no,Application documents are downloadable in advance from the apply page — worth pulling now to draft ahead of Sept 1. Est. 6-10 hours.,International startups from the EU 'need to establish a branch office in Flanders or conclude a cooperation with a knowledge institute in Flanders'. Note this w,none confirmed — but the Flanders branch-office / knowledge-institute cooperation requirement for non-Belgian applicants needs resolving in ,Closed on its own page.,https://platform.imecistart.com/istartnl/public/apply
514,1.74,Closed,skip,Not started,AI2050 Fellowships (Senior and Early Career),$375K,2  $250K-1M,375000,,,rolling,CLOSED,Global,fellowship,Non-dilutive fellowship,Individual fellowship,no,Not applicable - there is no application to complete,,"Two walls, either one decisive. There is no open application at all, only closed nomination. And eligibility requires an academic research p",Closed on its own page.,https://ai2050.schmidtsciences.org/fellows/
515,1.69,Closed,skip,Not started,The Residency (TOA) — next cohort,$200K,3  $100-250K,200000,2026-09-15,32,C  1-6 weeks,CLOSED,"US — Fort Point, Boston",residency,$200K for 5% equity from IBM Ventures,"'Ambitious technical founders' — singular or plural, no team rule stated",YES,Not established,"Founders on-site 4 days per week in Fort Point, Boston",Published eligibility requires 'Based in Massachusetts (or intending to be)' AND 'LLC already in place'. The entity requirement is stated as,Closed on its own page.,https://the-open-accelerator.com/residency/
516,1.68,Closed,skip,Not started,Start-Up Chile,$100K,3  $100-250K,100000,,,rolling,CLOSED,Chile,accelerator,"""All grants are non-dilutive, and founders retain 100% ownership""",Not stated as a bar; solo founders have historically been accepted,no,Moderate - online application via startupchile.charly.io,Founders relocate to Chile,,Closed on its own page.,https://startupchile.org/en/apply/
517,1.52,Closed,skip,Not started,imec.istart Netherlands — Autumn 2026 call,$109K,3  $100-250K,109000,2026-10-31,78,D  1-3 months,CLOSED,Netherlands,accelerator,Convertible loan.,'a complementary team' preferred.,no,Est. 6-10 hours; templates downloadable now.,Netherlands. The Flanders branch-office rule applies to the Belgian track; the NL equivalent is unpublished.,,Closed on its own page.,https://platform.imecistart.com/istartnl/public/apply
518,1.34,Closed,skip,Not started,MIT Solve Global Challenges,$10K,5  under $25K,10000,,,rolling,CLOSED,Global,grant,Non-dilutive prize funding,Open to 'individuals or teams' per Solve's how-to-apply guidance,no,Several hours per MIT Solve's own post-application surveys: 'most applicants reported that they spent several hours completing the applicati,None. Applicants come from 190+ countries.,,Closed on its own page.,https://solve.mit.edu/challenges
519,1.33,Closed,skip,Not started,Bethnal Green Ventures — Tech for Good Programme,$76.2K,4  $25-100K,76200,,,rolling,CLOSED,"UK — London, hybrid",accelerator,"Fixed and non-negotiable — ""We want the teams on the programme to start on equal terms.""","EXPLICITLY PERMITS SOLO with a stated preference: solo founders may apply but investment is ""more likely"" with a team. Exactly the shape rule 3 describes — a co",no,Moderate. Reported 3–4% acceptance rate.,"Six-week hybrid programme, online plus London offices, roughly 8–10 hours weekly across 2–3 days. Right to work in the UK required.",,Closed on its own page.,https://www.bethnalgreenventures.com/apply
520,1.17,Closed,skip,Not started,GitHub Accelerator,$40K,4  $25-100K,40000,,,rolling,CLOSED,GitHub Sponsors-supported regions,non-dilutive scheme,"Non-dilutive, no equity",Individual maintainers accepted; requirement is full-time (40h/week) availability during the programme,no,Unknown for the next cycle,Must be located in a GitHub Sponsors-supported region,"Eligibility requires being ""a current contributor or maintainer of an open source project"" with an open source license. Supaprod is a closed",Closed on its own page.,https://accelerator.github.com/
521,1.12,Closed,skip,Not started,AI Accelerator (AI-kiirendi),$10.9K,5  under $25K,10900,2026-09-25,42,C  1-6 weeks,CLOSED,Estonia (Tallinn),accelerator,'Program participation itself is free with no equity taken.',Not stated; requires 'motiveeritud ja vajalike oskustega tiim' (a motivated team with the necessary skills).,YES,Unknown until the form opens on Aug 24.,'Eestis registreeritud ettevõte' — an Estonian-registered company is required.,,Closed on its own page.,https://www.tehnopol.ee/kiirendi/ai-kiirendi/
522,1.09,Closed,skip,Not started,DeepTech Accelerator,$109K,3  $100-250K,109000,,,rolling,CLOSED,Estonia (Tallinn),accelerator,Grant-based.,"Not stated; a shareholders agreement is required, implying more than one holder.",YES,Est. 10-15 hours; requires TRL 2-3 evidence and defined IP ownership.,Company 'registered in Estonia (no later than the start of the program)' AND a 'strong link to an Estonian university or research and development institution'. ,The Estonian university/R&D institution link is a research-affiliation wall that a solo commercial software founder cannot satisfy without a,Closed on its own page.,https://www.tehnopol.ee/en/accelerator/deeptech-accelerator/
523,0.99,Closed,skip,Not started,Agentic AI Accelerator,,6  no cash,0,,,rolling,CLOSED,India-based or with go-to-market in India,credits,'No. This is an equity-free program.',Not addressed,no,JotForm application,India-based or GTM in India; in-person kickoff and Demo Day in Bengaluru,,Closed on its own page.,https://form.jotform.com/260921492728059
524,0.96,Closed,skip,Not started,UnternehmerTUM Accelerator (formerly XPRENEURS) - Batch #21,,6  no cash,0,,,rolling,CLOSED,Germany (Munich and Garching),accelerator,"Free, no equity taken. ""Cost: free.""","PUBLISHED 2+ FOUNDER RULE. In their own words: ""we require that your business model is based on a technological innovation, and that you have a committed founde",no,"~4-6 hours. Application, then the best 40-45 startups pitch to the team, then 20-30 are selected.",Munich and Garching. Free office and lab space at Munich Urban Colab or Garching. Selection pitches are in person.,,Closed on its own page.,https://accelerator.unternehmertum.de/accelerator-program
525,0.94,Closed,skip,Not started,Mozilla Foundation Incubator (Democracy x AI cohort),$50K,4  $25-100K,50000,2026-03-16,-151,passed,CLOSED,Global,grant,Non-dilutive grant,Requires 'A committed team who can execute over 12 months' and states 'you should be able to hit the ground running without having to do any significant hiring',no,"6-10 hours across a two-stage process: initial proposal, then a full proposal for shortlisted applicants",,,Closed on its own page.,https://www.mozillafoundation.org/en/what-we-do/grantmaking/incubator/
526,0.93,Closed,skip,Not started,NGI Zero / Open Internet Stack funds,,6  no cash,0,2026-11-03,81,D  1-3 months,CLOSED,"Global (EU-funded, but applicants worldwide)",grant,Non-dilutive grant,Individuals routinely funded - one of the most individual-friendly grant funds in existence,no,Low - NLnet's proposal form is famously short,,,Closed on its own page.,https://nlnet.nl/propose/
527,0.88,Closed,skip,Not started,OpenAI Grove,,6  no cash,0,,,rolling,CLOSED,"San Francisco, USA",fellowship,None - no equity taken,"""Applicants may apply individually or as part of a small group"" - solo explicitly fine. ""We recommend individuals from all backgrounds, disciplines, and experie",no,"Not applicable this cycle. Historically concise: what you are building or exploring, background, stage and sector, prior work, and what you ",In person in San Francisco for the first and last weeks only; travel costs covered,,Closed on its own page.,https://openai.com/index/openai-grove/
528,0.83,Closed,skip,Not started,MassChallenge,,6  no cash,0,,,rolling,CLOSED,"Boston, Texas, Rhode Island and international, USA",accelerator,Historically zero equity - not restated on the current page,,no,Not applicable - no open programme,Varies by programme,,Closed on its own page.,https://masschallenge.org/programs/
529,0.74,Closed,skip,Not started,Pioneer,$20K,5  under $25K,20000,,,rolling,CLOSED,"Remote, global",accelerator,Historically 1-2%,Historically the most solo-friendly programme in existence - the model was a global online tournament judged on weekly progress,no,not applicable,,Programme is discontinued - the organisation stopped making new investments in 2024 and there is no application path.,Closed on its own page.,https://pioneer.app/
530,0.56,Closed,skip,Not started,Misk Launchpad 10.0,,6  no cash,0,,,rolling,CLOSED,"Saudi Arabia / Riyadh (hybrid, delivered virtually)",incubator,None - a pre-acceleration programme with no equity.,"One of the very few programmes in this sweep that states a solo policy in writing and states it favourably: ""Teams of 2-3 co-founders are preferred, while solo ",no,"Sign up on Misk Hub, then complete an online form. Only one team representative applies.","Explicitly nationality-agnostic and mostly virtual: open to ""Saudi nationals OR non-Saudis committed to launching in Saudi Arabia"", with ""the applicant does not",,Closed on its own page.,https://hub.misk.org.sa/en/programs/entrepreneurship/misk-launchpad/
531,0.5,Closed,skip,Not started,Cooperative AI Foundation Multi-Agent Safety Fund,,6  no cash,0,2026-08-09,-5,passed,CLOSED,Global,grant,Non-dilutive research grant,Research-shaped; individual researchers eligible,no,Not applicable,,,Closed on its own page.,https://www.cooperativeai.com/
532,0.4,Closed,skip,Not started,XPRIZE Quantum Applications,,6  no cash,0,,,rolling,CLOSED,Global,grant,Non-dilutive prize,"Teams and individuals both welcomed - ""subject matter experts, startups, student teams, amateurs""",no,Heavy - technical submission against published competition guidelines,,Domain mismatch - quantum computing applications. Supaprod is not a quantum product.,Closed on its own page.,https://www.xprize.org/competitions/qc-apps
533,0.39,Closed,skip,Not started,Innovative Startups 2026 (Innovativa Startups),$46.9K,4  $25-100K,46870,2027-01-12,151,E  3 months+,CLOSED,Sweden,non-dilutive scheme,Non-dilutive grant.,No team-size requirement.,YES,"Est. 15-25 hours in the Vinnova eServices portal, in a two-step process.","'Swedish limited liability companies that are no more than 10 years old, have a maximum of 10 employees' — a Swedish AB is the applicant entity.","A Swedish AB must be the applicant. The applicant is the company, not the founder, so no entity means no submission.",Closed on its own page.,https://etjanster.vinnova.se/
534,0.37,Closed,skip,Not started,Survival and Flourishing Fund - Rolling Application and Speculation Grants,$10,5  under $25K,10,,,rolling,CLOSED,"For-profits: US, UK, Canada, Australia only. Non-profits: wo",grant,Non-dilutive grant,"Individuals are not fundable directly - ""SFF cannot recommend funding to individuals/independent researchers who do not have a fiscal sponsor""",YES,"Substantial - S-process application, several hours","For-profit applicants must be in the US, UK, Canada or Australia","Two stacked walls, both quoted from the page: ""Companies seeking grants using this form must already be incorporated"" (entity must exist to ",Closed on its own page.,https://survivalandflourishing.fund/rolling-application
535,0.37,Closed,skip,Not started,UnternehmerTUM Accelerator (formerly XPRENEURS),,6  no cash,0,,,rolling,CLOSED,Germany (Munich),accelerator,Not stated on the page,"Not stated for the Accelerator, in contrast to the sister Incubator which bars solo founders outright",no,,Munich,,Closed on its own page.,https://accelerator.unternehmertum.de/
536,0.36,Closed,skip,Not started,Roots of Progress Institute Fellowship (Blog-Building Intensive),,6  no cash,0,,,rolling,CLOSED,Global,fellowship,Non-dilutive,Individual writing fellowship,no,"3-5 hours estimated, plus writing samples. 'To qualify for the fellowship, you must be a good writer'.","Remote programme, with the conference in San Francisco",,Closed on its own page.,https://rootsofprogress.org/fellowship
537,0.32,Closed,skip,Not started,AI NATION ACCELERATOR,,6  no cash,0,,,rolling,CLOSED,"Germany (nationwide, hubs in Berlin and Munich)",accelerator,"Non-dilutive, no equity taken","Not stated for the Accelerator, unlike the sister Grant which requires two co-founders",YES,"Project proposal, application submission, expert jury review, then a possible pitch invitation","Germany; Berlin or Munich hub, assigned by location preference","Stated eligibility requires an incorporated German entity or one in the process of formation, and the team must be based in Germany.",Closed on its own page.,https://www.ai-nation.de/accelerator
538,0.31,Closed,skip,Not started,Creative Destruction Lab (CDL),,6  no cash,0,,,rolling,CLOSED,"17 sites across 10 countries: Toronto, Vancouver, Calgary, M",non-dilutive scheme,"Zero. ""No fees. No equity taken."" Mentors often invest separately in ventures that demonstrate a track record of achieving their objectives.",No published team minimum. CDL's stated purpose is enhancing the performance of technical founders.,no,"~4-6 hours. Application portal, then interview if shortlisted, then a matching process across streams and sites.",Site-dependent. Session days are the core offering and are full-day in-person events at the chosen site.,,Closed on its own page.,https://creativedestructionlab.com/application-triage/
539,0.29,Closed,skip,Not started,UnternehmerTUM Incubator (formerly XPLORE),,6  no cash,0,,,rolling,CLOSED,"Germany (Munich and Garching), hybrid",incubator,Not published,"PUBLISHED 2+ FOUNDER RULE. ""UnternehmerTUM Incubator is built for early-stage tech founding teams. We accept teams of two or more founders. Team size: Minimum 2",no,"~3-4 hours. Structured evaluation of team quality, venture maturity, validation level and investor readiness. No track selection needed - th","Munich and Garching, but genuinely hybrid: ""Thanks to our hybrid format, the majority of the program can be attended from anywhere. However, there are certain o",,Closed on its own page.,https://incubator.unternehmertum.de/program/
540,0.27,Closed,skip,Not started,Venture Incubation Programme 2026,$16.4K,5  under $25K,16350,2026-06-09,-66,passed,CLOSED,"EU-wide, 32 countries (Benelux and Nordic hubs)",incubator,Non-dilutive.,"Targets 'founders and startup teams'; supports progression 'towards company incorporation', so pre-incorporation is explicitly in scope.",no,Est. 5-8 hours when open.,32 European countries.,,Closed on its own page.,https://28digital.eu/venture-incubation-program/
541,0.26,Closed,skip,Not started,Cosmos Grants,$1K,5  under $25K,1000,,,rolling,CLOSED,Global,grant,Non-dilutive grant,"""Who can apply? Anyone. We're looking for the best proposals and talent."" - no credentials required",no,"~1-2 hours, Airtable form",,,Closed on its own page.,https://www.cosmos-institute.org/grants
542,0.24,Closed,skip,Not started,focal x The Lab Miami Founder Residency,,6  no cash,0,,,rolling,CLOSED,"Miami, Florida, USA",residency,Explicitly low-dilution; no figure published,"INDIVIDUALS EXPLICITLY INCLUDED: ""1% acceptance rate | limited to 10 technical AI builders / teams."" Past residents named include solo founders and a high schoo",no,Not applicable this cycle,"""All founders move to Miami for the duration of the program (costs offset)."" Minimum six days per week in office plus Sunday office hours - the most intense in-",,Closed on its own page.,https://www.focal.vc/residency
543,0.23,Closed,skip,Not started,STATION F F/ai Program,,6  no cash,0,,,rolling,CLOSED,France (Paris),accelerator,Reported as zero equity by a secondary source; not verified on the programme page itself,Not stated; described as designed for teams with strong technical backgrounds,no,"Unknown, the full form is not reachable while closed","STATION F, Paris",,Closed on its own page.,https://stationf.fillout.com/t/nXZhsbTFYZeu
544,0.15,Closed,skip,Not started,Incubateur HEC Paris at STATION F,,6  no cash,0,,,rolling,CLOSED,France (Paris),incubator,Not stated on the page,No team-size rule published,no,,Must be available in Paris for the first four months for the on-site programme,,Closed on its own page.,https://builders.hec.fr/incubateur
545,0.12,Closed,skip,Not started,Blackbird Giants,,6  no cash,0,,,rolling,CLOSED,Australia and New Zealand,incubator,Equity-free.,Not a published bar. Aimed at early-stage founders at the ideation phase.,no,Application plus an AMA info session. Recommended commitment is 3 hours per week.,"Two in-person cohorts (Sydney, Melbourne) meeting ""each Tuesday near the CBD, 5pm - 8pm AEST"", plus a virtual cohort. Attendance at the Tuesday sessions is mand","CONFIRMED AT SOURCE, which phase 1 asked for: the eligibility list on Blackbird's own page reads ""At least one person in the founding team h",Closed on its own page.,https://www.blackbird.vc/giants
546,0.1,Closed,skip,Not started,OIST Innovation Accelerator,,6  no cash,0,,,rolling,CLOSED,Japan / Okinawa,accelerator,Non-dilutive.,"Not addressed as a founder count, but the team composition rule is decisive on its own - see hard_blocker.",YES,"Heavy multi-stage: online application, then a 45-minute online interview for the top 16, then a week-long Okinawa bootcamp in November 2026 ","""Ability for at least one co-founder or C-suite to relocate to Okinawa for the full 10-month program."" Open to global founders with startup visa support and rel","THREE, all confirmed at source and any one of them fatal. (1) ""Core Technology Readiness Level (TRL) between TRL-4 and TRL-6"" plus ""Innovati",Closed on its own page.,https://www.oist.jp/innovation/program-accelerator-startup-support-innovation
547,0.09,Closed,skip,Not started,AI NATION GRANT,,6  no cash,0,,,rolling,CLOSED,Germany (Berlin and Munich),grant,"Fully equity-free. ""AI NATION does not take equity and does not become a party to the startup cap table"" - non-dilutive grants under EU de minimis rules.","PUBLISHED 2+ FOUNDER RULE. ""Eligible founder teams must have a validated problem, a solution requiring AI, and a team of at least two committed co-founders, one",no,"~4-6 hours. Requires a 60-second founder video filmed in ONE location with all co-founders present, a mandatory product/demo video, and stru","Berlin or Munich coworking. Remote participation possible but Pitch Day, Welcome Week, mandatory in-person workshops and Offboarding Week must all be attended i","RESIDENCE AND VISA. ""We are a German state-funded program supporting Germany's startup ecosystem, and we ask that the core team be based in ",Closed on its own page.,https://www.ai-nation.de/grant
548,0.01,Closed,skip,Not started,Founder Institute Paris,,6  no cash,0,,,rolling,CLOSED,France (Paris),accelerator,Entrance fee plus an equity warrant in the FI shared pool,Explicitly built for solo founders and idea-stage individuals,no,Roughly 1 hour plus an aptitude test,"Virtual First - both online and in-person events, but all required sessions are online",,Closed on its own page.,https://fi.co/apply/paris
549,0.0,Closed,skip,Not started,Tempo funding,,6  no cash,0,,,rolling,CLOSED,Finland,non-dilutive scheme,Non-dilutive grant.,Requires 'a committed team of at least 2 people working in Finland. Individuals must already be working for the company when applying for funding.',YES,Est. 15-25 hours.,Finland. Applicant must be a Finnish limited liability company in operation for less than five years.,"Closed since October 2025 with no reopening date published, plus a Finnish limited company and a 2-person Finland-based team requirement.",Closed on its own page.,https://www.businessfinland.fi/en/services/funding/funding-e-service/
550,0.0,Closed,skip,Not started,Rise programme,,6  no cash,0,,,rolling,CLOSED,Netherlands,accelerator,None published.,Not stated.,no,"Waiting-list form only, ~15 minutes.",Netherlands; targets Dutch scaleups.,,Closed on its own page.,https://form.typeform.com/to/ONCKh0mt
551,0.0,Closed,skip,Not started,Overkill Ventures accelerator,,6  no cash,0,,,rolling,CLOSED,Latvia (Riga) / Baltics,accelerator,Not applicable.,Not applicable.,no,Not applicable.,Historically pre-seed B2B in CEE and the Nordics.,The fund has stopped making new investments.,Closed on its own page.,https://www.overkill.vc/
552,0.0,Closed,skip,Not started,Interact Fellowship,,6  no cash,0,,,rolling,CLOSED,Global (US retreats),fellowship,None.,Individual fellowship.,no,Not applicable.,"Retreat attendance, fully sponsored.","Age. 'The only requirement is that Fellowship applicants are between the ages of 18 and 23 at the time of application, with rare exceptions ",Closed on its own page.,https://joininteract.com/
553,0.0,Closed,skip,Not started,Mercury Raise,,6  no cash,0,,,rolling,CLOSED,"US, Canada, UK",founder community,"Was free, no equity.",Was not gated,YES,Not applicable.,"Historically limited to US, Canada and UK incorporated companies via the Mercury account requirement","Programme discontinued. Separately, when it ran it was gated behind a Mercury account, which requires a US, Canada or UK entity - a document",Closed on its own page.,https://mercury.com/raise
554,0.0,Closed,skip,Not started,Basis Set AI Fellowship,,6  no cash,0,,,rolling,CLOSED,US (San Francisco),fellowship,Employment-style compensation; the Fellows Fund is separate pre-seed funding for fellows who go on to found.,"Not applicable - this is an early-career operator programme, not a founder programme.",no,Moot - closed and ineligible.,"San Francisco, in person, with select exceptions where company matches are elsewhere.","CAREER STAGE. ""We welcome applications from candidates who are in their final year of undergraduate or graduate study, or who expect to grad",Closed on its own page.,https://www.basisset.com/basis-set-ai-fellowship
555,0.0,Closed,skip,Not started,Barclays Eagle Labs — Scaleup Programme (powered by Plexal),,6  no cash,0,2026-07-27,-18,passed,CLOSED,"UK — national, hybrid",accelerator,None — equity-free.,"Not stated; the programme targets companies with 10+ employees, so a solo founder is out on headcount.",YES,N/A — window shut.,"""Run a UK-based tech business."" Four in-person workshop days.","Published requirements: UK-based tech business, £2M+ raised or generated, and at least 10 employees. Supaprod meets none of the three.",Closed on its own page.,https://labs.uk.barclays/what-we-offer/our-programmes/scaleup/
556,0.0,Closed,skip,Not started,nasscom DeepTech Club,,6  no cash,0,,,rolling,CLOSED,India,founder community,None.,Not stated.,no,Not assessable - the form is closed.,"India. The programme describes itself as focused on ""India based deep technology startups"".",,Closed on its own page.,https://nasscom.accubate.app/ext/form/2124/1/apply
557,0.0,Closed,skip,Not started,K-Startup Grand Challenge 2026,,6  no cash,0,,,rolling,CLOSED,South Korea,non-dilutive scheme,Non-dilutive - a government programme that takes no equity.,No team-size requirement on the main track; applications are submitted under the name of the representative (CEO).,no,"Web-based business plan with no separate document submission, in English, plus a 2-minute founder video and an optional pitch deck.","Korea market entry, hybrid, with activities in Korea. A Startup Preparation Visa recommendation letter valid up to one year is provided to participants.","For the only track still open, yes, and it is confirmed at source: the International Students Track requires ""Pre-startup teams led by inter",Closed on its own page.,https://ksgc.global/
558,0.0,Closed,skip,Not started,Microsoft for Startups Pegasus Program,,6  no cash,0,,,rolling,CLOSED,Global (US-headquartered),non-dilutive scheme,Non-dilutive,,no,Not applicable - no direct application exists,,Invite-only with a stated prerequisite: you must already be actively engaged in Microsoft for Startups and building with Microsoft technolog,Closed on its own page.,https://www.microsoft.com/en-us/startups/pegasus
559,0.0,Closed,skip,Not started,LocalHost Fellowship,,6  no cash,0,,,rolling,CLOSED,"Bangalore (flagship lab), Tokyo, Paris",fellowship,No equity. Page states: 'No. LocalHostHQ doesn't take equity as a condition of joining.',"Individual-based - the unit is a person, and no credentials are required",no,Unverified,"Residential labs where participants live and work together; the flagship is in Bangalore, where the founder is already based","Likely age-barred: 'LocalHostHQ is for people aged 18 to 30 working on new inventions, companies, and creative projects.' Given a career spa",Closed on its own page.,https://www.localhosthq.com/
560,0.0,Closed,skip,Not started,EuroHPC JU Call for Proposals for AI and Data-Intensive Applications,,6  no cash,0,,,rolling,CLOSED,EU and Associated Countries,non-dilutive scheme,Non-dilutive,Not applicable,no,Several hours - technical proposal,EU Member State or Associated Country,The call itself is closed - there is nothing to submit to.,Closed on its own page.,https://eurohpc-ju.europa.eu/eurohpc-ju-call-proposals-ai-and-data-intensive-applications_en
561,0.0,Closed,skip,Not started,Twilio Startups / Twilio Segment Startup Program,,6  no cash,0,,,rolling,CLOSED,Global,credits,Not applicable,Not applicable,no,Not applicable - there is no programme to apply to,,Twilio states on its own page that it does not offer additional startup credits at this time.,Closed on its own page.,https://www.twilio.com/en-us/solutions/startups
562,0.0,Closed,skip,Not started,Request for Proposals: AI for Forecasting and Sound Reasoning,,6  no cash,0,,,rolling,CLOSED,Global,grant,Non-dilutive grant,Was open to individuals and independent researchers,no,Not applicable,,,Closed on its own page.,https://coefficientgiving.org/funds/forecasting/request-for-proposals-ai-for-forecasting-and-sound-reasoning/
563,0.0,Closed,skip,Not started,Request for Proposals on AI Governance,,6  no cash,0,,,rolling,CLOSED,Global,grant,Non-dilutive grant,"Page states 'While we're open to funding independent researchers, we generally prefer applicants working with institutions such as think tanks or academic labs'",no,Not applicable,,,Closed on its own page.,https://coefficientgiving.org/funds/navigating-transformative-ai/request-for-proposals-ai-governance/
564,0.0,Closed,skip,Not started,The Alignment Project,,6  no cash,0,,,rolling,CLOSED,Global,grant,Non-dilutive government and philanthropic grant,Open to 'researchers from across disciplines',no,Not applicable,"'An international, cross-sector coalition'",,Closed on its own page.,https://alignmentproject.aisi.gov.uk/
565,0.0,Closed,skip,Not started,EIC Advanced Innovation Challenges — Pilot (Stage 1),$2K,5  under $25K,2026,2026-02-26,-169,passed,CLOSED,EU-level,grant,100% non-dilutive lump sum.,"Stage 1 explicitly accepts ""a single legal entity established in a Member State or an Associated Country"", including start-ups and SMEs; large companies exclude",YES,"Moderate for an EU instrument — a lump-sum Stage 1 concept, much lighter than a full Horizon proposal.",Single legal entity established in an EU Member State or Associated Country.,"For this cycle, the Stage 1 intake is over and Stage 2 is winners-only. Structurally an EU/AC legal entity is required to submit.",Closed on its own page.,https://eic.ec.europa.eu/eic-funding-opportunities/advanced-innovation-challenges-pilot_en
566,0.0,Closed,skip,Not started,Frontier AI Grand Challenge,,6  no cash,0,2026-04-13,-123,passed,CLOSED,European Union,non-dilutive scheme,Non-dilutive compute allocation.,Irrelevant at this scale.,YES,Very high.,Established in the EU and under EU control.,"""Eligible participants shall consist of one or more industrial players that are both established in the EU and under EU control"", and ""All p",Closed on its own page.,https://aiboost-project.eu/frontier-ai-grand-challenge/
567,0.0,Closed,skip,Not started,28DIGITAL Venture Incubation Program 2026 (formerly EIT Digital Venture Program),,6  no cash,0,2026-06-09,-66,passed,CLOSED,"EU Member States + Montenegro, North Macedonia, Serbia, Türk",incubator,"NOT NON-DILUTIVE. The page states: ""Important: Selected ventures will commit to providing 28DIGITAL with 5% equity through a SAFE (Simple Agreement for Future Equity)."" 5% for EUR 5k-30k is a punishing ratio and disquali","The unincorporated-team route requires a minimum of two members: ""open to multidisciplinary teams (minimum two members) and early-stage startups incorporated in",no,Moderate.,"Reside in or be established in an EU Member State or one of Montenegro, North Macedonia, Serbia, Türkiye, Ukraine. Startups must not have been legally establish","Location. Applicants must ""reside in or are established in one of the following eligible locations"" (EU Member States plus Montenegro, North",Closed on its own page.,https://28digital.eu/venture-incubation-program/
568,0.0,Closed,skip,Not started,F/ai Program,,6  no cash,0,,,rolling,CLOSED,Europe — Paris (going international),accelerator,Not published,Not published,no,Not established,"Station F, Paris; the programme is adding an international dimension",,Closed on its own page.,https://stationf.co/programs
569,0.0,Closed,skip,Not started,Start?Zuschuss!,,6  no cash,0,2026-11-25,103,E  3 months+,CLOSED,Germany (Bavaria),grant,Non-dilutive grant under the De-minimis Regulation,Not applicable,YES,"Online application form, available in German only",The business must be registered in Bavaria,"Requires a Bavarian-registered business founded no more than two years ago, and the application form is German-only.",Closed on its own page.,https://www.gruenderland.bayern/en/support-for-your-idea/translate-to-english-startzuschuss/
570,0.0,Closed,skip,Not started,aws First Incubator,,6  no cash,0,,,rolling,CLOSED,Austria,incubator,"Non-repayable grant, no equity","Open to individuals - the stated target group is natural persons, sole proprietorships, partnerships and legal entities (micro and small enterprises)",no,"Online via the aws Funding Manager, and it requires an application video plus personal data, a project description, a declaration of consent",Austria,Applicants must hold a valid Austrian residency permit. The founder does not hold one.,Closed on its own page.,https://www.aws.at/en/aws-first-incubator/
571,0.0,Closed,skip,Not started,Road 2 Web Summit,,6  no cash,0,,,rolling,CLOSED,Portugal,non-dilutive scheme,,,YES,,Portugal,"Scoped to Portugal's most promising early-stage startups and gated behind Portuguese Startup Recognition status, which requires a Portuguese",Closed on its own page.,https://startupportugal.com/programs/road-2-web-summit/
